Workbook

Sheet Lead Time
A1: Article | B1: Désignation article | C1: Local /Import | D1: Lead Time (Days)
A2: 83520000 | B2: Achat Consommables Industriel | C2: Mixed Source | D2: 109.33758
A3: 76210012 | B3: Rouleau doseur 61x1350mm | C3: Import | D3: 283.2
A4: 86100028 | B4: VIS CONE MOBILE M52X300 L639 TH | C4: Local | D4: 15.8
A5: 78610122 | B5: VERIN P1D S050 MC 0050-B201211/09/36 | C5: Mixed Source | D5: 79.160714
A6: 78610119 | B6: VERIN P1D SO50-MC0145 B201444-08-48 | C6: Mixed Source | D6: 93.428571
A7: 02020007 | B7: Pet Coke Broyé (HS) | D7: 44
A8: 59600055 | B8: ELECTROVANNE HT 230V ALTERNATIF AIR CHOC | C8: Import | D8: 74.5
A9: 04030001 | B9: Pet Coke Brut (MS) | C9: Import | D9: 17.960784
A10: 71030061 | B10: Bande NHM-10ESBV 2190*600 EP : 03mm | C10: Local | D10: 19.466667
A11: 65660006 | B11: GALET COMPLET Ø108+AXE (KZB250-800X300X4 | C11: Mixed Source | D11: 53.8
A12: 45600027 | B12: Acide pour détartrage Treatonet DDB044 | C12: Local | D12: 13.583333
A13: 78610111 | B13: VERIN PID S040 MC 0100 B201215 R:640466Z | C13: Mixed Source | D13: 42.002717
A14: 78610124 | B14: VERIN 241Z25B040XP M.WORK ref:641802D | C14: Local | D14: 18.666667
A15: 40010001 | B15: CHARGE ACYTELENE ALTOP | C15: Local | D15: 14.62069
A16: 90250052 | B16: BUSE RINGARDAGE REF:REF B33*1,5 | C16: Local | D16: 36.666667
A17: 83300018 | B17: FILTRE HUILE COMP DSD238 RÉF 6.3465.0 | C17: Local | D17: 11.363636
A18: 43200054 | B18: Electrode OK 67.45 E307 3.2mm | C18: Local | D18: 13.125
A19: 59050017 | B19: DETECTEUR *IGM200 | C19: Local | D19: 86.2
... A35: 91100459 | B35: SELLE DROITE | C35: Local | D35: 171.5
A36: 02030003 | B36: CEMI HRS SAC | D36: 44
A37: 53250184 | B37: Relais thermique 23-32A LRD332 | C37: Local | D37: 99
A38: 10030103 | B38: BRIQUE MLA RP201 KROSAKI | D38: 0
A39: 20300015 | B39: FER PLAT 100*8 LONG 6M | C39: Local | D39: 36
A40: 20030006 | B40: POUTREL EN ACIER UPN80 (6m) | C40: Local | D40: 17.9
A41: 83300017 | B41: FILTRE HUILE COMP ASD57 REF 6.3463.0 | C41: Local | D41: 58.75
A42: 84100979 | B42: Cale 1 (100*100) TMAS 100-100 | C42: Local | D42: 76
A43: 90250019 | B43: RONDELLE BASSE rep1268 | C43: Mixed Source | D43: 25.846154
A44: 20010002 | B44: POUTRE IPN 100 6M | C44: Local | D44: 12.2
A45: 02030001 | B45: CEMI 42.5 SAC | D45: 44
A46: 39210008 | B46: JOINT TORIQUE VITON D164,77 | C46: Import | D46: 53
A47: 72170015 | B47: GYROPHARE COMPLET 24V pour CLARK 7T | C47: Local | D47: 9.5
A48: 91300015 | B48: AXE COMMANDE AIGUILLEUR SAC | C48: Local | D48: 38.4
A49: 53130130 | B49: CONTACTEUR TRIPOLAIRE LC1D09BD. 24VCC | C49: Local | D49: 43.666667
A50: 71240012 | B50: Rouleaux retour Ø89/133x950 A2 axe Ø25 | C50: Local | D50: 126
A51: 65200148 | B51: Palier COMPLET SYJ 40 TF ..(SYJ508 )SKF | C51: Local | D51: 34.2
A52: 43200016 | B52: BAGUETTE INOX DIAM 2,5mm 24/12 | C52: Local | D52: 14.625
A53: 60570003 | B53: DETECT. ROXIMITÉ IND. XS1 18BLPAM12 SCHN | C53: Local | D53: 121.66667
A54: 37230003 | B54: G_ind 92 /KLUBER:Graflscon C-SG 0 ultra | C54: Local | D54: 32
A55: 90250020 | B55: RONDELLE EN BRONZE rep1257 | C55: Local | D55: 9.9285714
A56: 90270031 | B56: Rondelle avec joint torique pour piston | C56: Import | D56: 160
A57: 65210095 | B57: Joint TSN 532L | C57: Local | D57: 18.666667
A58: 89010051 | B58: FILTRE BLP 162 S 10 W 2X (ITEM K13.01.02 | D58: 44
A59: 30100007 | B59: TIGE FILETE M48 CL 8.8 | C59: Local | D59: 25
A60: 02030021 | B60: CEM I 42,5 N Sac PP | D60: 44
A61: 45800188 | B61: Bague d'étanchéité 1920126819 | C61: Import | D61: 244
A62: 51030002 | B62: PROJECTEUR IODURE 220v400 wip65 | C62: Local | D62: 25
A63: 53130156 | B63: "CONTACTEUR G/090730*E05* | C63: Local | D63: 71.25
A64: 71010018 | B64: Bande larg:1000 EP-800/4 6+2Y | C64: Local | D64: 81
A65: 60340023 | B65: RÉGULATEUR-REF630496Z | C65: Mixed Source | D65: 66.5
A66: 65130107 | B66: Manchon H217 | C66: Local | D66: 13
A67: 87220016 | B67: VIS A TETE RECTANGULAIRE M36X4X140X95 | C67: Mixed Source | D67: 93.2
A68: 60340002 | B68: FILTRE REGULATEUR MONOBL 34203131 1/2'' | C68: Local | D68: 51.8
A69: 53130142 | B69: CONTACTEUR LC1-D12BDN 24V CC | C69: Local | D69: 29.714286
A70: 90270032 | B70: piston soupape TORNADO 4’’et 6’’ en ALU | C70: Import | D70: 160
A71: 66400042 | B71: PIGNON 700352D | C71: Local | D71: 49.666667
A72: 79210107 | B72: MANCHETTE SOUPLE ØINT160mm LONG:300mm | C72: Local | D72: 9.5
... A79: 91300023 | B79: AXE RENVOI AIGUILLEUR SAC DIAM 25 | C79: Local | D79: 33
A80: 88050015 | B80: Plaque de calage Prt: 10274341 | D80: 44
A81: 43200015 | B81: ELECTRODE JA 01 SUPER COUPE D3,2 | C81: Local | D81: 23.823529
A82: 71240141 | B82: Rouleaux retour lisse Ø133x700A2 axe Ø25 | C82: Local | D82: 58
A83: 23010016 | B83: TUBE ACIER ROND SANS SOUDUR LONG6m 36/42 | C83: Local | D83: 11.2
A84: 91100458 | B84: Labyrinthe palier élévateur a bande | C84: Local | D84: 25
A85: 23170003 | B85: FLEXIBLE ACCORDIEN DIM 150mm | C85: Local | D85: 35.666667
A86: 65050257 | B86: RLT CUC 206 | C86: Mixed Source | D86: 77.666667
A87: 77020019 | B87: MANCHE FILTRE 165x3375 Nomex NXV 560 | C87: Mixed Source | D87: 26.571429
A88: 65040031 | B88: RLT a rotule 22208 CC/W33 | C88: Local | D88: 20
A89: 71240009 | B89: Rouleau station inversé bande 800 | C89: Local | D89: 97.333333
A90: 71230006 | B90: ROULEAU RET.BANDE LARG. 650 (380/89/133) | C90: Local | D90: 67
A91: 59150002 | B91: CONTACTEUR AUX 125V CC LPL -REF-CAD50GD | C91: Local | D91: 239
A92: 71270008 | B92: Bavette EP5mm 65 SCHORES | C92: Local | D92: 31
A93: 79210036 | B93: FEUILLE EN JAUNE 1400*10m DUR38-42 EP3mm | C93: Local | D93: 46
A94: 02030002 | B94: CEMII 32.5 SAC | D94: 44
A95: 01010003 | B95: CEM I 42.5 SR-3 Vrac | D95: 44
A96: 53230225 | B96: DISJONCTEUR 63A SIMPLE 4 POLES | C96: Local | D96: 33.6
A97: 45800187 | B97: Disque 1 pour station de remplissage man | C97: Import | D97: 244
A98: 45800208 | B98: Clapet anti-retour | C98: Import | D98: 244
A99: 37260004 | B99: G_ind 81/Kluber Kluberplex 41-132 | C99: Local | D99: 15.375
A100: 01010001 | B100: CEM I 42,5 N Vrac | D100: 44
A101: 53250178 | B101: interrupteur schmersal :Z3K235 FIN COURS | C101: Local | D101: 8
A102: 53230222 | B102: DISJONCTEUR BIPOLAIRE C20+BLOC VIGI SCHN | C102: Local | D102: 64
A103: 89010016 | B103: BOULON POUR ELEMENT TRANSPORT R1.4 | C103: Mixed Source | D103: 42.307692
A104: 91100001 | B104: SELLE GAUCHE | C104: Local | D104: 35.333333
A105: 83300019 | B105: FILTRE HUILE COMP SXC6 REF 6.3461.0 | C105: Local | D105: 24.666667
A106: 91300011 | B106: PIVOT 741393D REP 48 | C106: Import | D106: 188
A107: 78610105 | B107: JOINT SPHERIQUE SIKB16F | C107: Local | D107: 12
A108: 71240154 | B108: Rouleau pour bande Larg. 1000 | C108: Local | D108: 56
A109: 20300014 | B109: FER PLAT 100*5 LONG 6M | C109: Local | D109: 16.5
A110: 78610130 | B110: SUPPORT POUR VERIN (VERIN DOUBLE) | C110: Local | D110: 44
A111: 91100431 | B111: JOINT-730049D +570620Z | C111: Import | D111: 166
A112: 53130049 | B112: CONTACTEUR LC1-D25 P7 220V | C112: Local | D112: 29.25
... A123: 53230110 | B123: DISJONCTEUR MOTEUR MTH 13-18 GV2P20 | C123: Local | D123: 38.333333
A124: 02040002 | B124: Clinker HRS | D124: 44
A125: 77020009 | B125: PANNIER SUPPORT SANS FOND 160x1125 | D125: 44
A126: 47020003 | B126: bavetee caoutchous LAR:1000-10mm 45 S | C126: Local | D126: 69
A127: 71240139 | B127: Rouleau Amor 89x133x465 Axe 25mm MP 14mm | C127: Local | D127: 88.666667
A128: 78010016 | B128: Vanne 3/2 voies pneumatique | C128: Local | D128: 19.833333
A129: 37230002 | B129: G_ind 86/ Kluber Wolfracoat C fluid | C129: Local | D129: 9.2857143
A130: 39200236 | B130: Pare-huile Viton 140x110x12 | C130: Local | D130: 30.333333
A131: 53110018 | B131: INTERRUPTEUR SECTIONNEUR VCF1GE-11kw-25A | C131: Local | D131: 28
...

Sheet Consumption
A1: Article | B1: Désignation article | C1: Unit | D1: Month | E1: Valeur
A2: 83520000 | B2: Achat Consommables Industriel | C2: PC | D2: janv-23 | E2: 0
A3: 83520000 | B3: Achat Consommables Industriel | C3: PC | D3: févr-23 | E3: 0
A4: 83520000 | B4: Achat Consommables Industriel | C4: PC | D4: mars-23 | E4: 0
A5: 83520000 | B5: Achat Consommables Industriel | C5: PC | D5: avr-23 | E5: 0
A6: 83520000 | B6: Achat Consommables Industriel | C6: PC | D6: mai-23 | E6: 0
A7: 83520000 | B7: Achat Consommables Industriel | C7: PC | D7: juin-23 | E7: 0
A8: 83520000 | B8: Achat Consommables Industriel | C8: PC | D8: juil-23 | E8: 0
A9: 83520000 | B9: Achat Consommables Industriel | C9: PC | D9: août-23 | E9: 0
A10: 83520000 | B10: Achat Consommables Industriel | C10: PC | D10: sept-23 | E10: 0
A11: 83520000 | B11: Achat Consommables Industriel | C11: PC | D11: oct-23 | E11: 0
A12: 83520000 | B12: Achat Consommables Industriel | C12: PC | D12: nov-23 | E12: 0
A13: 83520000 | B13: Achat Consommables Industriel | C13: PC | D13: déc-23 | E13: 0
... A42445: 30090006 | B42445: CHEVILLE PLASTIQUE 6 MM | C42445: PC | D42445: déc-25 | E42445: 0

Sheet cons 2023 - 2025
D2: 2023 | P2: 2024 | AB2: 2025
A3: Article | B3: Désignation article | C3: Unit | D3: 44927 | E3: 44958 | F3: 44986 | G3: 45017 | H3: 45047 | I3: 45078 | J3: 45108 | K3: 45139 | L3: 45170 | M3: 45200 | N3: 45231 | O3: 45261 | P3: 45292 | Q3: 45323 | R3: 45352 | S3: 45383 | T3: 45413 | U3: 45444 | V3: 45474 | W3: 45505 | X3: 45536 | Y3: 45566 | Z3: 45597 | AA3: 45627 | AB3: 45658 | AC3: 45689 | AD3: 45717 | AE3: 45748 | AF3: 45778 | AG3: 45809 | AH3: 45839 | AI3: 45870 | AJ3: 45901 | AK3: 45931 | AL3: 45962 | AM3: 45992
A4: 83520000 | B4: Achat Consommables Industriel | C4: PC | D4: 0 | E4: 0 | F4: 0 | G4: 0 | H4: 0 | I4: 0 | J4: 0 | K4: 0 | L4: 0 | M4: 0 | N4: 0 | O4: 0 | P4: 0 | Q4: 0 | R4: 0 | S4: 0 | T4: 0 | U4: 0 | V4: 0 | W4: 0 | X4: 0 | Y4: 0 | Z4: 0 | AA4: 0 | AB4: 0 | AC4: 0 | AD4: 0 | AE4: -135 | AF4: -141 | AG4: -55 | AH4: -274 | AI4: -41 | AJ4: -15 | AK4: -2 | AL4: -5 | AM4: -17
A5: 76210012 | B5: Rouleau doseur 61x1350mm | C5: PC | D5: 0 | E5: 0 | F5: 0 | G5: 0 | H5: -2 | I5: 0 | J5: 0 | K5: -1 | L5: 0 | M5: 0 | N5: 0 | O5: 0 | P5: -3 | Q5: 0 | R5: 0 | S5: 0 | T5: -1 | U5: -1 | V5: 0 | W5: -1 | X5: 0 | Y5: -1 | Z5: 0 | AA5: -1 | AB5: 0 | AC5: 0 | AD5: -1 | AE5: -1 | AF5: 0 | AG5: -1 | AH5: -1 | AI5: -1 | AJ5: 0 | AK5: 0 | AL5: -1 | AM5: 0
A6: 86100028 | B6: VIS CONE MOBILE M52X300 L639 TH | C6: PC | D6: 0 | E6: 0 | F6: 0 | G6: 0 | H6: 0 | I6: 0 | J6: 0 | K6: 0 | L6: 0 | M6: 0 | N6: -1 | O6: -2 | P6: -2 | Q6: 0 | R6: 0 | S6: 0 | T6: -2 | U6: 0 | V6: 0 | W6: 0 | X6: 0 | Y6: 0 | Z6: -7 | AA6: 0 | AB6: 0 | AC6: -4 | AD6: -2 | AE6: -2 | AF6: 0 | AG6: -4 | AH6: -4 | AI6: 0 | AJ6: -4 | AK6: -2 | AL6: -6 | AM6: -2
A7: 78610122 | B7: VERIN P1D S050 MC 0050-B201211/09/36 | C7: PC | D7: 0 | E7: -10 | F7: -2 | G7: 0 | H7: 0 | I7: 0 | J7: 0 | K7: 0 | L7: -6 | M7: -1 | N7: -1 | O7: 0 | P7: 0 | Q7: 0 | R7: 0 | S7: -3 | T7: -2 | U7: 0 | V7: 0 | W7: -2 | X7: 0 | Y7: -1 | Z7: 0 | AA7: 0 | AB7: 0 | AC7: -2 | AD7: 0 | AE7: 0 | AF7: -4 | AG7: -3 | AH7: 0 | AI7: -1 | AJ7: -1 | AK7: -1 | AL7: -2 | AM7: 0
A8: 78610119 | B8: VERIN P1D SO50-MC0145 B201444-08-48 | C8: PC | D8: 0 | E8: 0 | F8: 0 | G8: 0 | H8: -1 | I8: -1 | J8: 0 | K8: 0 | L8: -1 | M8: 0 | N8: 0 | O8: 0 | P8: 0 | Q8: 0 | R8: -1 | S8: 0 | T8: 0 | U8: 0 | V8: 0 | W8: 0 | X8: 0 | Y8: -1 | Z8: 0 | AA8: 0 | AB8: 0 | AC8: -2 | AD8: 0 | AE8: 0 | AF8: -1 | AG8: -1 | AH8: 0 | AI8: 0 | AJ8: -1 | AK8: 0 | AL8: -1 | AM8: -1
A9: 02020007 | B9: Pet Coke Broyé (HS) | C9: TO | D9: -9609.482 | E9: -9430.197 | F9: -5854.285 | G9: -11701.551 | H9: -12443.063 | I9: -10011.49 | J9: -13566.07 | K9: -12902.759 | L9: -11368.007 | M9: -13620.75 | N9: -12627.372 | O9: -11462.602 | P9: -8847.376 | Q9: -7611.84 | R9: -6992.223 | S9: -7885.485 | T9: -8103.35 | U9: -8139.142 | V9: -7265.079 | W9: -7449.972 | X9: -7819.522 | Y9: -8845.322 | Z9: -8816.541 | AA9: -8651.899 | AB9: -4788.773 | AC9: -3784.039 | AD9: -8137.792 | AE9: -7633.304 | AF9: -8731.546 | AG9: -8377.904 | AH9: -8258.588 | AI9: -6169.313 | AJ9: -7156.232 | AK9: -8368.543 | AL9: -8618.264 | AM9: -8540.682
A10: 59600055 | B10: ELECTROVANNE HT 230V ALTERNATIF AIR CHOC | C10: PC | D10: -3 | E10: 0 | F10: -3 | G10: -1 | H10: 0 | I10: 0 | J10: 0 | K10: 0 | L10: 0 | M10: 0 | N10: -1 | O10: 0 | P10: 0 | Q10: -2 | R10: -1 | S10: 0 | T10: 0 | U10: 0 | V10: 0 | W10: -1 | X10: 0 | Y10: 0 | Z10: 0 | AA10: 0 | AB10: 0 | AC10: -3 | AD10: 0 | AE10: 0 | AF10: 0 | AG10: -2 | AH10: 0 | AI10: 0 | AJ10: -1 | AK10: -2 | AL10: -1 | AM10: -1
A11: 04030001 | B11: Pet Coke Brut (MS) | C11: TO | D11: -4820.615 | E11: -257.519 | F11: 0 | G11: 0 | H11: 0 | I11: 0 | J11: 0 | K11: 0 | L11: 0 | M11: 0 | N11: 0 | O11: 0 | P11: 0 | Q11: 0 | R11: 0 | S11: 0 | T11: 0 | U11: 0 | V11: 0 | W11: 0 | X11: 0 | Y11: 0 | Z11: 0 | AA11: -1451.832 | AB11: -5516.545 | AC11: -4319.657 | AD11: -9602.515 | AE11: -9453.293 | AF11: -10343.219 | AG11: -9943.159 | AH11: -9759.542 | AI11: -7425.773 | AJ11: -8339.611 | AK11: -9298.719 | AL11: -9881.993 | AM11: -7686.328
A12: 71030061 | B12: Bande NHM-10ESBV 2190*600 EP : 03mm | C12: PC | D12: -1 | E12: 0 | F12: 0 | G12: -2 | H12: 0 | I12: 0 | J12: 0 | K12: -1 | L12: -1 | M12: -1 | N12: -1 | O12: -2 | P12: 0 | Q12: -1 | R12: 0 | S12: 0 | T12: 0 | U12: -2 | V12: -1 | W12: 0 | X12: -2 | Y12: -1 | Z12: 0 | AA12: -2 | AB12: -1 | AC12: 0 | AD12: -2 | AE12: 0 | AF12: -1 | AG12: -1 | AH12: 0 | AI12: -2 | AJ12: -1 | AK12: -2 | AL12: 0 | AM12: -2
A13: 65660006 | B13: GALET COMPLET Ø108+AXE (KZB250-800X300X4 | C13: PC | D13: 0 | E13: -42 | F13: 0 | G13: -12 | H13: -12 | I13: 0 | J13: 0 | K13: 0 | L13: -1 | M13: 0 | N13: -6 | O13: -44 | P13: 0 | Q13: 0 | R13: 0 | S13: 0 | T13: 0 | U13: 0 | V13: -2 | W13: -4 | X13: 0 | Y13: -1 | Z13: 0 | AA13: 0 | AB13: -7 | AC13: -10 | AD13: -1 | AE13: 0 | AF13: -5 | AG13: 0 | AH13: -3 | AI13: -56 | AJ13: -1 | AK13: -1 | AL13: 0 | AM13: 0
A14: 45600027 | B14: Acide pour détartrage Treatonet DDB044 | C14: PC | D14: -5 | E14: -20 | F14: -75 | G14: 0 | H14: -25 | I14: 0 | J14: -25 | K14: -25 | L14: -25 | M14: -25 | N14: -25 | O14: 0 | P14: -3 | Q14: 0 | R14: -25 | S14: -50 | T14: 0 | U14: -25 | V14: -50 | W14: -75 | X14: -25 | Y14: 0 | Z14: 0 | AA14: 0 | AB14: -51 | AC14: -75 | AD14: -1 | AE14: 0 | AF14: 0 | AG14: -50 | AH14: -25 | AI14: -50 | AJ14: 0 | AK14: -25 | AL14: 0 | AM14: 0
... A1182: 30090006 | B1182: CHEVILLE PLASTIQUE 6 MM | C1182: PC | D1182: 0 | E1182: 0 | F1182: 0 | G1182: 0 | H1182: 0 | I1182: 0 | J1182: 0 | K1182: 0 | L1182: 0 | M1182: 0 | N1182: 0 | O1182: 0 | P1182: 0 | Q1182: 0 | R1182: -5 | S1182: -25 | T1182: -4 | U1182: 0 | V1182: 0 | W1182: -10 | X1182: 0 | Y1182: 0 | Z1182: 0 | AA1182: 0 | AB1182: 0 | AC1182: 0 | AD1182: 0 | AE1182: -30 | AF1182: 0 | AG1182: 0 | AH1182: 0 | AI1182: 0 | AJ1182: 0 | AK1182: -10 | AL1182: 0 | AM1182: 0

Sheet Classification
A1: Article | B1: Désignation article | C1: Unit. | D1: ABC | E1: HML | F1: PMP
A2: 83520000 | B2: Achat Consommables Industriel | C2: PC | D2: B | E2: =VLOOKUP(A2,[1]HML!$A$2:$D$8104,4,0) -> H | F2: 1212.176
A3: 76210012 | B3: Rouleau doseur 61x1350mm | C3: PC | D3: B | E3: =VLOOKUP(A3,[1]HML!$A$2:$D$8104,4,0) -> H | F3: 903.07
A4: 86100028 | B4: VIS CONE MOBILE M52X300 L639 TH | C4: PC | D4: B | E4: =VLOOKUP(A4,[1]HML!$A$2:$D$8104,4,0) -> H | F4: 808
A5: 78610122 | B5: VERIN P1D S050 MC 0050-B201211/09/36 | C5: PC | D5: B | E5: =VLOOKUP(A5,[1]HML!$A$2:$D$8104,4,0) -> H | F5: 787.245
A6: 78610119 | B6: VERIN P1D SO50-MC0145 B201444-08-48 | C6: PC | D6: B | E6: =VLOOKUP(A6,[1]HML!$A$2:$D$8104,4,0) -> H | F6: 680.5
A7: 02020007 | B7: Pet Coke Broyé (HS) | C7: TO | D7: B | E7: =VLOOKUP(A7,[1]HML!$A$2:$D$8104,4,0) -> H | F7: 520.823
A8: 59600055 | B8: ELECTROVANNE HT 230V ALTERNATIF AIR CHOC | C8: PC | D8: B | E8: =VLOOKUP(A8,[1]HML!$A$2:$D$8104,4,0) -> H | F8: 508.492
A9: 04030001 | B9: Pet Coke Brut (MS) | C9: TO | D9: B | E9: =VLOOKUP(A9,[1]HML!$A$2:$D$8104,4,0) -> H | F9: 497.466
A10: 71030061 | B10: Bande NHM-10ESBV 2190*600 EP : 03mm | C10: PC | D10: B | E10: =VLOOKUP(A10,[1]HML!$A$2:$D$8104,4,0) -> H | F10: 467.418
A11: 65660006 | B11: GALET COMPLET Ø108+AXE (KZB250-800X300X4 | C11: PC | D11: B | E11: =VLOOKUP(A11,[1]HML!$A$2:$D$8104,4,0) -> H | F11: 436.379
A12: 45600027 | B12: Acide pour détartrage Treatonet DDB044 | C12: PC | D12: B | E12: =VLOOKUP(A12,[1]HML!$A$2:$D$8104,4,0) -> H | F12: 425.607
A13: 78610111 | B13: VERIN PID S040 MC 0100 B201215 R:640466Z | C13: PC | D13: B | E13: =VLOOKUP(A13,[1]HML!$A$2:$D$8104,4,0) -> H | F13: 371.378
... A1180: 30090006 | B1180: CHEVILLE PLASTIQUE 6 MM | C1180: PC | D1180: C | E1180: =VLOOKUP(A1180,[1]HML!$A$2:$D$8104,4,0) -> L | F1180: 0.012

Sheet ⚙️ Optimization Parameters
A1: OPTIMIZED STOCK PARAMETERS | U1: Safety Stock, ROP, EOQ, Min, Max calculation
A2: Article | B2: Désignation article | C2: Unit | D2: Source | E2: ABC | F2: HML | G2: Lead Time (Days) | H2: Lead Time (Months) | I2: Unit Cost | J2: Total Consumption | K2: MaxMonthlyDemand | L2: MinNonZeroDemand | M2: ActiveMonths | N2: AvgMonthlyDemand | O2: sum/active months | P2: StdMonthlyDemand | Q2: AvgDailyDemand | R2: StdDailyDemand | S2: Coefficient of Variation (CV) | T2: XYZ classification | U2: Service Level | V2: Z factor | W2: Safety Stock (SS) (M1: Daily) | X2: Safety Stock (SS) (M2: Monthly) | Y2: Reorder Point (ROP) (M1: Daily) | Z2: Reorder Point (ROP) (m2: Monthly) | AA2: Annual demand (D) | AB2: Holding cost per unit | AC2: EOQ (Economic Order Quantity) | AD2: Stock Min | AE2: Stock Max | AF2: Orders per year
A3: 83520000 | B3: Achat Consommables Industriel | C3: PC | D3: =VLOOKUP(A3,'Lead Time'!$A$2:$C$1180,3,0) -> Mixed Source | E3: =VLOOKUP(A3,Classification!$A$2:$D$1180,4,0) -> B | F3: =VLOOKUP(A3,Classification!$A$2:$E$1180,5,0) -> H | G3: =VLOOKUP(A3,'Lead Time'!$A$2:$D$1180,4,0) -> 109.33758 | H3: =G3/30 -> 3.644586 | I3: =VLOOKUP(A3,Classification!$A$2:$F$1180,6,0) -> 1212.176 | J3: =-SUM('cons 2023 - 2025'!D4:AM4) -> 685 | K3: =-_xlfn.MINIFS('cons 2023 - 2025'!D4:AM4,'cons 2023 - 2025'!D4:AM4,"<>0") -> 274 | L3: =-_xlfn.MAXIFS('cons 2023 - 2025'!D4:AM4,'cons 2023 - 2025'!D4:AM4,"<>0") -> 2 | M3: =COUNTIF('cons 2023 - 2025'!D4:AM4,"<>0") -> 9 | N3: =-AVERAGE('cons 2023 - 2025'!D4:AM4) -> 19.027778 | O3: =J3/M3 -> 76.111111 | P3: =_xlfn.STDEV.S('cons 2023 - 2025'!D4:AM4) -> 54.875696 | Q3: =-AVERAGE('cons 2023 - 2025'!D4:AM4)/'⚙ Assumptions'!$B$5 -> 0.86489899 | R3: =_xlfn.STDEV.S('cons 2023 - 2025'!D4:AM4)/SQRT('⚙ Assumptions'!$B$5) -> 11.699538 | S3: =-IF(AVERAGE('cons 2023 - 2025'!D4:AM4)=0,"",_xlfn.STDEV.S('cons 2023 - 2025'!D4:AM4)/AVERAGE('cons 2023 - 2025'!D4:AM4)) -> 2.8839782 | T3: =IF(ISBLANK(S3),"Z", IF(S3<=0.25,"X", IF(S3<=0.5,"Y","Z"))) -> Z | U3: =IF(E3="B",0.95,IF(E3="C",0.9,0.98)) -> 0.95 | V3: =IF(E3="B",1.65,1.28) -> 1.65 | W3: =V3*R3*SQRT(G3) -> 201.85401 | X3: =V3*P3*SQRT(H3) -> 172.85745 | Y3: =Q3*G3+W3 -> 296.41997 | Z3: =N3*H3+X3 -> 242.20582 | AA3: =-AVERAGE('cons 2023 - 2025'!D4:AM4)*12 -> 228.33333 | AB3: =I3*0.2 -> 242.4352 | AC3: =SQRT((2*AA3*'⚙ Assumptions'!$B$3)/AB3) -> 16.809216 | AD3: =Z3 -> 242.20582 | AE3: =Z3+AC3 -> 259.01503 | AF3: =AA3/AC3 -> 13.583818
A4: 76210012 | B4: Rouleau doseur 61x1350mm | C4: PC | D4: =VLOOKUP(A4,'Lead Time'!$A$2:$C$1180,3,0) -> Import | E4: =VLOOKUP(A4,Classification!$A$2:$D$1180,4,0) -> B | F4: =VLOOKUP(A4,Classification!$A$2:$E$1180,5,0) -> H | G4: =VLOOKUP(A4,'Lead Time'!$A$2:$D$1180,4,0) -> 283.2 | H4: =G4/30 -> 9.44 | I4: =VLOOKUP(A4,Classification!$A$2:$F$1180,6,0) -> 903.07 | J4: =-SUM('cons 2023 - 2025'!D5:AM5) -> 17 | K4: =-_xlfn.MINIFS('cons 2023 - 2025'!D5:AM5,'cons 2023 - 2025'!D5:AM5,"<>0") -> 3 | L4: =-_xlfn.MAXIFS('cons 2023 - 2025'!D5:AM5,'cons 2023 - 2025'!D5:AM5,"<>0") -> 1 | M4: =COUNTIF('cons 2023 - 2025'!D5:AM5,"<>0") -> 14 | N4: =-AVERAGE('cons 2023 - 2025'!D5:AM5) -> 0.47222222 | O4: =J4/M4 -> 1.2142857 | P4: =_xlfn.STDEV.S('cons 2023 - 2025'!D5:AM5) -> 0.69636243 | Q4: =-AVERAGE('cons 2023 - 2025'!D5:AM5)/'⚙ Assumptions'!$B$5 -> 0.021464646 | R4: =_xlfn.STDEV.S('cons 2023 - 2025'!D5:AM5)/SQRT('⚙ Assumptions'!$B$5) -> 0.14846497 | S4: =-IF(AVERAGE('cons 2023 - 2025'!D5:AM5)=0,"",_xlfn.STDEV.S('cons 2023 - 2025'!D5:AM5)/AVERAGE('cons 2023 - 2025'!D5:AM5)) -> 1.4746499 | T4: =IF(ISBLANK(S4),"Z", IF(S4<=0.25,"X", IF(S4<=0.5,"Y","Z"))) -> Z | U4: =IF(E4="B",0.95,IF(E4="C",0.9,0.98)) -> 0.95 | V4: =IF(E4="B",1.65,1.28) -> 1.65 | W4: =V4*R4*SQRT(G4) -> 4.1224421 | X4: =V4*P4*SQRT(H4) -> 3.5302485 | Y4: =Q4*G4+W4 -> 10.20123 | Z4: =N4*H4+X4 -> 7.9880263 | AA4: =-AVERAGE('cons 2023 - 2025'!D5:AM5)*12 -> 5.6666667 | AB4: =I4*0.2 -> 180.614 | AC4: =SQRT((2*AA4*'⚙ Assumptions'!$B$3)/AB4) -> 3.0679534 | AD4: =Z4 -> 7.9880263 | AE4: =Z4+AC4 -> 11.05598 | AF4: =AA4/AC4 -> 1.8470511
A5: 86100028 | B5: VIS CONE MOBILE M52X300 L639 TH | C5: PC | D5: =VLOOKUP(A5,'Lead Time'!$A$2:$C$1180,3,0) -> Local | E5: =VLOOKUP(A5,Classification!$A$2:$D$1180,4,0) -> B | F5: =VLOOKUP(A5,Classification!$A$2:$E$1180,5,0) -> H | G5: =VLOOKUP(A5,'Lead Time'!$A$2:$D$1180,4,0) -> 15.8 | H5: =G5/30 -> 0.52666667 | I5: =VLOOKUP(A5,Classification!$A$2:$F$1180,6,0) -> 808 | J5: =-SUM('cons 2023 - 2025'!D6:AM6) -> 44 | K5: =-_xlfn.MINIFS('cons 2023 - 2025'!D6:AM6,'cons 2023 - 2025'!D6:AM6,"<>0") -> 7 | L5: =-_xlfn.MAXIFS('cons 2023 - 2025'!D6:AM6,'cons 2023 - 2025'!D6:AM6,"<>0") -> 1 | M5: =COUNTIF('cons 2023 - 2025'!D6:AM6,"<>0") -> 14 | N5: =-AVERAGE('cons 2023 - 2025'!D6:AM6) -> 1.2222222 | O5: =J5/M5 -> 3.1428571 | P5: =_xlfn.STDEV.S('cons 2023 - 2025'!D6:AM6) -> 1.8839337 | Q5: =-AVERAGE('cons 2023 - 2025'!D6:AM6)/'⚙ Assumptions'!$B$5 -> 0.055555556 | R5: =_xlfn.STDEV.S('cons 2023 - 2025'!D6:AM6)/SQRT('⚙ Assumptions'!$B$5) -> 0.40165602 | S5: =-IF(AVERAGE('cons 2023 - 2025'!D6:AM6)=0,"",_xlfn.STDEV.S('cons 2023 - 2025'!D6:AM6)/AVERAGE('cons 2023 - 2025'!D6:AM6)) -> 1.5414003 | T5: =IF(ISBLANK(S5),"Z", IF(S5<=0.25,"X", IF(S5<=0.5,"Y","Z"))) -> Z | U5: =IF(E5="B",0.95,IF(E5="C",0.9,0.98)) -> 0.95 | V5: =IF(E5="B",1.65,1.28) -> 1.65 | W5: =V5*R5*SQRT(G5) -> 2.6343093 | X5: =V5*P5*SQRT(H5) -> 2.2558877 | Y5: =Q5*G5+W5 -> 3.5120871 | Z5: =N5*H5+X5 -> 2.8995914 | AA5: =-AVERAGE('cons 2023 - 2025'!D6:AM6)*12 -> 14.666667 | AB5: =I5*0.2 -> 161.6 | AC5: =SQRT((2*AA5*'⚙ Assumptions'!$B$3)/AB5) -> 5.218019 | AD5: =Z5 -> 2.8995914 | AE5: =Z5+AC5 -> 8.1176105 | AF5: =AA5/AC5 -> 2.8107729
A6: 78610122 | B6: VERIN P1D S050 MC 0050-B201211/09/36 | C6: PC | D6: =VLOOKUP(A6,'Lead Time'!$A$2:$C$1180,3,0) -> Mixed Source | E6: =VLOOKUP(A6,Classification!$A$2:$D$1180,4,0) -> B | F6: =VLOOKUP(A6,Classification!$A$2:$E$1180,5,0) -> H | G6: =VLOOKUP(A6,'Lead Time'!$A$2:$D$1180,4,0) -> 79.160714 | H6: =G6/30 -> 2.6386905 | I6: =VLOOKUP(A6,Classification!$A$2:$F$1180,6,0) -> 787.245 | J6: =-SUM('cons 2023 - 2025'!D7:AM7) -> 42 | K6: =-_xlfn.MINIFS('cons 2023 - 2025'!D7:AM7,'cons 2023 - 2025'!D7:AM7,"<>0") -> 10 | L6: =-_xlfn.MAXIFS('cons 2023 - 2025'!D7:AM7,'cons 2023 - 2025'!D7:AM7,"<>0") -> 1 | M6: =COUNTIF('cons 2023 - 2025'!D7:AM7,"<>0") -> 16 | N6: =-AVERAGE('cons 2023 - 2025'!D7:AM7) -> 1.1666667 | O6: =J6/M6 -> 2.625 | P6: =_xlfn.STDEV.S('cons 2023 - 2025'!D7:AM7) -> 2.0493902 | Q6: =-AVERAGE('cons 2023 - 2025'!D7:AM7)/'⚙ Assumptions'!$B$5 -> 0.053030303 | R6: =_xlfn.STDEV.S('cons 2023 - 2025'!D7:AM7)/SQRT('⚙ Assumptions'!$B$5) -> 0.43693145 | S6: =-IF(AVERAGE('cons 2023 - 2025'!D7:AM7)=0,"",_xlfn.STDEV.S('cons 2023 - 2025'!D7:AM7)/AVERAGE('cons 2023 - 2025'!D7:AM7)) -> 1.7566201 | T6: =IF(ISBLANK(S6),"Z", IF(S6<=0.25,"X", IF(S6<=0.5,"Y","Z"))) -> Z | U6: =IF(E6="B",0.95,IF(E6="C",0.9,0.98)) -> 0.95 | V6: =IF(E6="B",1.65,1.28) -> 1.65 | W6: =V6*R6*SQRT(G6) -> 6.4143418 | X6: =V6*P6*SQRT(H6) -> 5.4929142 | Y6: =Q6*G6+W6 -> 10.612259 | Z6: =N6*H6+X6 -> 8.5713864 | AA6: =-AVERAGE('cons 2023 - 2025'!D7:AM7)*12 -> 14 | AB6: =I6*0.2 -> 157.449 | AC6: =SQRT((2*AA6*'⚙ Assumptions'!$B$3)/AB6) -> 5.1648141 | AD6: =Z6 -> 8.5713864 | AE6: =Z6+AC6 -> 13.7362 | AF6: =AA6/AC6 -> 2.7106494
A7: 78610119 | B7: VERIN P1D SO50-MC0145 B201444-08-48 | C7: PC | D7: =VLOOKUP(A7,'Lead Time'!$A$2:$C$1180,3,0) -> Mixed Source | E7: =VLOOKUP(A7,Classification!$A$2:$D$1180,4,0) -> B | F7: =VLOOKUP(A7,Classification!$A$2:$E$1180,5,0) -> H | G7: =VLOOKUP(A7,'Lead Time'!$A$2:$D$1180,4,0) -> 93.428571 | H7: =G7/30 -> 3.1142857 | I7: =VLOOKUP(A7,Classification!$A$2:$F$1180,6,0) -> 680.5 | J7: =-SUM('cons 2023 - 2025'!D8:AM8) -> 12 | K7: =-_xlfn.MINIFS('cons 2023 - 2025'!D8:AM8,'cons 2023 - 2025'!D8:AM8,"<>0") -> 2 | L7: =-_xlfn.MAXIFS('cons 2023 - 2025'!D8:AM8,'cons 2023 - 2025'!D8:AM8,"<>0") -> 1 | M7: =COUNTIF('cons 2023 - 2025'!D8:AM8,"<>0") -> 11 | N7: =-AVERAGE('cons 2023 - 2025'!D8:AM8) -> 0.33333333 | O7: =J7/M7 -> 1.0909091 | P7: =_xlfn.STDEV.S('cons 2023 - 2025'!D8:AM8) -> 0.53452248 | Q7: =-AVERAGE('cons 2023 - 2025'!D8:AM8)/'⚙ Assumptions'!$B$5 -> 0.015151515 | R7: =_xlfn.STDEV.S('cons 2023 - 2025'!D8:AM8)/SQRT('⚙ Assumptions'!$B$5) -> 0.11396058 | S7: =-IF(AVERAGE('cons 2023 - 2025'!D8:AM8)=0,"",_xlfn.STDEV.S('cons 2023 - 2025'!D8:AM8)/AVERAGE('cons 2023 - 2025'!D8:AM8)) -> 1.6035675 | T7: =IF(ISBLANK(S7),"Z", IF(S7<=0.25,"X", IF(S7<=0.5,"Y","Z"))) -> Z | U7: =IF(E7="B",0.95,IF(E7="C",0.9,0.98)) -> 0.95 | V7: =IF(E7="B",1.65,1.28) -> 1.65 | W7: =V7*R7*SQRT(G7) -> 1.8175168 | X7: =V7*P7*SQRT(H7) -> 1.5564284 | Y7: =Q7*G7+W7 -> 3.2331012 | Z7: =N7*H7+X7 -> 2.5945236 | AA7: =-AVERAGE('cons 2023 - 2025'!D8:AM8)*12 -> 4 | AB7: =I7*0.2 -> 136.1 | AC7: =SQRT((2*AA7*'⚙ Assumptions'!$B$3)/AB7) -> 2.9693512 | AD7: =Z7 -> 2.5945236 | AE7: =Z7+AC7 -> 5.5638748 | AF7: =AA7/AC7 -> 1.3470956
A8: 02020007 | B8: Pet Coke Broyé (HS) | C8: TO | E8: =VLOOKUP(A8,Classification!$A$2:$D$1180,4,0) -> B | F8: =VLOOKUP(A8,Classification!$A$2:$E$1180,5,0) -> H | G8: =VLOOKUP(A8,'Lead Time'!$A$2:$D$1180,4,0) -> 44 | H8: =G8/30 -> 1.4666667 | I8: =VLOOKUP(A8,Classification!$A$2:$F$1180,6,0) -> 520.823 | J8: =-SUM('cons 2023 - 2025'!D9:AM9) -> 319590.36 | K8: =-_xlfn.MINIFS('cons 2023 - 2025'!D9:AM9,'cons 2023 - 2025'!D9:AM9,"<>0") -> 13620.75 | L8: =-_xlfn.MAXIFS('cons 2023 - 2025'!D9:AM9,'cons 2023 - 2025'!D9:AM9,"<>0") -> 3784.039 | M8: =COUNTIF('cons 2023 - 2025'!D9:AM9,"<>0") -> 36 | N8: =-AVERAGE('cons 2023 - 2025'!D9:AM9) -> 8877.51 | O8: =J8/M8 -> 8877.51 | P8: =_xlfn.STDEV.S('cons 2023 - 2025'!D9:AM9) -> 2322.7541 | Q8: =-AVERAGE('cons 2023 - 2025'!D9:AM9)/'⚙ Assumptions'!$B$5 -> 403.52318 | R8: =_xlfn.STDEV.S('cons 2023 - 2025'!D9:AM9)/SQRT('⚙ Assumptions'!$B$5) -> 495.21283 | S8: =-IF(AVERAGE('cons 2023 - 2025'!D9:AM9)=0,"",_xlfn.STDEV.S('cons 2023 - 2025'!D9:AM9)/AVERAGE('cons 2023 - 2025'!D9:AM9)) -> 0.26164477 | T8: =IF(ISBLANK(S8),"Z", IF(S8<=0.25,"X", IF(S8<=0.5,"Y","Z"))) -> Y | U8: =IF(E8="B",0.95,IF(E8="C",0.9,0.98)) -> 0.95 | V8: =IF(E8="B",1.65,1.28) -> 1.65 | W8: =V8*R8*SQRT(G8) -> 5420.036 | X8: =V8*P8*SQRT(H8) -> 4641.4415 | Y8: =Q8*G8+W8 -> 23175.056 | Z8: =N8*H8+X8 -> 17661.789 | AA8: =-AVERAGE('cons 2023 - 2025'!D9:AM9)*12 -> 106530.12 | AB8: =I8*0.2 -> 104.1646 | AC8: =SQRT((2*AA8*'⚙ Assumptions'!$B$3)/AB8) -> 553.90688 | AD8: =Z8 -> 17661.789 | AE8: =Z8+AC8 -> 18215.696 | AF8: =AA8/AC8 -> 192.32496
A9: 59600055 | B9: ELECTROVANNE HT 230V ALTERNATIF AIR CHOC | C9: PC | D9: =VLOOKUP(A9,'Lead Time'!$A$2:$C$1180,3,0) -> Import | E9: =VLOOKUP(A9,Classification!$A$2:$D$1180,4,0) -> B | F9: =VLOOKUP(A9,Classification!$A$2:$E$1180,5,0) -> H | G9: =VLOOKUP(A9,'Lead Time'!$A$2:$D$1180,4,0) -> 74.5 | H9: =G9/30 -> 2.4833333 | I9: =VLOOKUP(A9,Classification!$A$2:$F$1180,6,0) -> 508.492 | J9: =-SUM('cons 2023 - 2025'!D10:AM10) -> 22 | K9: =-_xlfn.MINIFS('cons 2023 - 2025'!D10:AM10,'cons 2023 - 2025'!D10:AM10,"<>0") -> 3 | L9: =-_xlfn.MAXIFS('cons 2023 - 2025'!D10:AM10,'cons 2023 - 2025'!D10:AM10,"<>0") -> 1 | M9: =COUNTIF('cons 2023 - 2025'!D10:AM10,"<>0") -> 13 | N9: =-AVERAGE('cons 2023 - 2025'!D10:AM10) -> 0.61111111 | O9: =J9/M9 -> 1.6923077 | P9: =_xlfn.STDEV.S('cons 2023 - 2025'!D10:AM10) -> 0.96444737 | Q9: =-AVERAGE('cons 2023 - 2025'!D10:AM10)/'⚙ Assumptions'!$B$5 -> 0.027777778 | R9: =_xlfn.STDEV.S('cons 2023 - 2025'!D10:AM10)/SQRT('⚙ Assumptions'!$B$5) -> 0.20562087 | S9: =-IF(AVERAGE('cons 2023 - 2025'!D10:AM10)=0,"",_xlfn.STDEV.S('cons 2023 - 2025'!D10:AM10)/AVERAGE('cons 2023 - 2025'!D10:AM10)) -> 1.5781866 | T9: =IF(ISBLANK(S9),"Z", IF(S9<=0.25,"X", IF(S9<=0.5,"Y","Z"))) -> Z | U9: =IF(E9="B",0.95,IF(E9="C",0.9,0.98)) -> 0.95 | V9: =IF(E9="B",1.65,1.28) -> 1.65 | W9: =V9*R9*SQRT(G9) -> 2.9283924 | X9: =V9*P9*SQRT(H9) -> 2.5077254 | Y9: =Q9*G9+W9 -> 4.9978369 | Z9: =N9*H9+X9 -> 4.025318 | AA9: =-AVERAGE('cons 2023 - 2025'!D10:AM10)*12 -> 7.3333333 | AB9: =I9*0.2 -> 101.6984 | AC9: =SQRT((2*AA9*'⚙ Assumptions'!$B$3)/AB9) -> 4.651085 | AD9: =Z9 -> 4.025318 | AE9: =Z9+AC9 -> 8.6764031 | AF9: =AA9/AC9 -> 1.576693
A10: 04030001 | B10: Pet Coke Brut (MS) | C10: TO | D10: =VLOOKUP(A10,'Lead Time'!$A$2:$C$1180,3,0) -> Import | E10: =VLOOKUP(A10,Classification!$A$2:$D$1180,4,0) -> B | F10: =VLOOKUP(A10,Classification!$A$2:$E$1180,5,0) -> H | G10: =VLOOKUP(A10,'Lead Time'!$A$2:$D$1180,4,0) -> 17.960784 | H10: =G10/30 -> 0.59869281 | I10: =VLOOKUP(A10,Classification!$A$2:$F$1180,6,0) -> 497.466 | J10: =-SUM('cons 2023 - 2025'!D11:AM11) -> 108100.32 | K10: =-_xlfn.MINIFS('cons 2023 - 2025'!D11:AM11,'cons 2023 - 2025'!D11:AM11,"<>0") -> 10343.219 | L10: =-_xlfn.MAXIFS('cons 2023 - 2025'!D11:AM11,'cons 2023 - 2025'!D11:AM11,"<>0") -> 257.519 | M10: =COUNTIF('cons 2023 - 2025'!D11:AM11,"<>0") -> 15 | N10: =-AVERAGE('cons 2023 - 2025'!D11:AM11) -> 3002.7867 | O10: =J10/M10 -> 7206.688 | P10: =_xlfn.STDEV.S('cons 2023 - 2025'!D11:AM11) -> 4141.9908 | Q10: =-AVERAGE('cons 2023 - 2025'!D11:AM11)/'⚙ Assumptions'!$B$5 -> 136.4903 | R10: =_xlfn.STDEV.S('cons 2023 - 2025'!D11:AM11)/SQRT('⚙ Assumptions'!$B$5) -> 883.07541 | S10: =-IF(AVERAGE('cons 2023 - 2025'!D11:AM11)=0,"",_xlfn.STDEV.S('cons 2023 - 2025'!D11:AM11)/AVERAGE('cons 2023 - 2025'!D11:AM11)) -> 1.3793823 | T10: =IF(ISBLANK(S10),"Z", IF(S10<=0.25,"X", IF(S10<=0.5,"Y","Z"))) -> Z | U10: =IF(E10="B",0.95,IF(E10="C",0.9,0.98)) -> 0.95 | V10: =IF(E10="B",1.65,1.28) -> 1.65 | W10: =V10*R10*SQRT(G10) -> 6175.1055 | X10: =V10*P10*SQRT(H10) -> 5288.0444 | Y10: =Q10*G10+W10 -> 8626.5784 | Z10: =N10*H10+X10 -> 7085.7912 | AA10: =-AVERAGE('cons 2023 - 2025'!D11:AM11)*12 -> 36033.44 | AB10: =I10*0.2 -> 99.4932 | AC10: =SQRT((2*AA10*'⚙ Assumptions'!$B$3)/AB10) -> 329.62246 | AD10: =Z10 -> 7085.7912 | AE10: =Z10+AC10 -> 7415.4137 | AF10: =AA10/AC10 -> 109.31731
A11: 71030061 | B11: Bande NHM-10ESBV 2190*600 EP : 03mm | C11: PC | D11: =VLOOKUP(A11,'Lead Time'!$A$2:$C$1180,3,0) -> Local | E11: =VLOOKUP(A11,Classification!$A$2:$D$1180,4,0) -> B | F11: =VLOOKUP(A11,Classification!$A$2:$E$1180,5,0) -> H | G11: =VLOOKUP(A11,'Lead Time'!$A$2:$D$1180,4,0) -> 19.466667 | H11: =G11/30 -> 0.64888889 | I11: =VLOOKUP(A11,Classification!$A$2:$F$1180,6,0) -> 467.418 | J11: =-SUM('cons 2023 - 2025'!D12:AM12) -> 30 | K11: =-_xlfn.MINIFS('cons 2023 - 2025'!D12:AM12,'cons 2023 - 2025'!D12:AM12,"<>0") -> 2 | L11: =-_xlfn.MAXIFS('cons 2023 - 2025'!D12:AM12,'cons 2023 - 2025'!D12:AM12,"<>0") -> 1 | M11: =COUNTIF('cons 2023 - 2025'!D12:AM12,"<>0") -> 21 | N11: =-AVERAGE('cons 2023 - 2025'!D12:AM12) -> 0.83333333 | O11: =J11/M11 -> 1.4285714 | P11: =_xlfn.STDEV.S('cons 2023 - 2025'!D12:AM12) -> 0.81064348 | Q11: =-AVERAGE('cons 2023 - 2025'!D12:AM12)/'⚙ Assumptions'!$B$5 -> 0.037878788 | R11: =_xlfn.STDEV.S('cons 2023 - 2025'!D12:AM12)/SQRT('⚙ Assumptions'!$B$5) -> 0.17282977 | S11: =-IF(AVERAGE('cons 2023 - 2025'!D12:AM12)=0,"",_xlfn.STDEV.S('cons 2023 - 2025'!D12:AM12)/AVERAGE('cons 2023 - 2025'!D12:AM12)) -> 0.97277218 | T11: =IF(ISBLANK(S11),"Z", IF(S11<=0.25,"X", IF(S11<=0.5,"Y","Z"))) -> Z | U11: =IF(E11="B",0.95,IF(E11="C",0.9,0.98)) -> 0.95 | V11: =IF(E11="B",1.65,1.28) -> 1.65 | W11: =V11*R11*SQRT(G11) -> 1.258196 | X11: =V11*P11*SQRT(H11) -> 1.0774547 | Y11: =Q11*G11+W11 -> 1.9955697 | Z11: =N11*H11+X11 -> 1.6181954 | AA11: =-AVERAGE('cons 2023 - 2025'!D12:AM12)*12 -> 10 | AB11: =I11*0.2 -> 93.4836 | AC11: =SQRT((2*AA11*'⚙ Assumptions'!$B$3)/AB11) -> 5.6649087 | AD11: =Z11 -> 1.6181954 | AE11: =Z11+AC11 -> 7.2831041 | AF11: =AA11/AC11 -> 1.7652535
A12: 65660006 | B12: GALET COMPLET Ø108+AXE (KZB250-800X300X4 | C12: PC | D12: =VLOOKUP(A12,'Lead Time'!$A$2:$C$1180,3,0) -> Mixed Source | E12: =VLOOKUP(A12,Classification!$A$2:$D$1180,4,0) -> B | F12: =VLOOKUP(A12,Classification!$A$2:$E$1180,5,0) -> H | G12: =VLOOKUP(A12,'Lead Time'!$A$2:$D$1180,4,0) -> 53.8 | H12: =G12/30 -> 1.7933333 | I12: =VLOOKUP(A12,Classification!$A$2:$F$1180,6,0) -> 436.379 | J12: =-SUM('cons 2023 - 2025'!D13:AM13) -> 208 | K12: =-_xlfn.MINIFS('cons 2023 - 2025'!D13:AM13,'cons 2023 - 2025'!D13:AM13,"<>0") -> 56 | L12: =-_xlfn.MAXIFS('cons 2023 - 2025'!D13:AM13,'cons 2023 - 2025'!D13:AM13,"<>0") -> 1 | M12: =COUNTIF('cons 2023 - 2025'!D13:AM13,"<>0") -> 17 | N12: =-AVERAGE('cons 2023 - 2025'!D13:AM13) -> 5.7777778 | O12: =J12/M12 -> 12.235294 | P12: =_xlfn.STDEV.S('cons 2023 - 2025'!D13:AM13) -> 13.273198 | Q12: =-AVERAGE('cons 2023 - 2025'!D13:AM13)/'⚙ Assumptions'!$B$5 -> 0.26262626 | R12: =_xlfn.STDEV.S('cons 2023 - 2025'!D13:AM13)/SQRT('⚙ Assumptions'!$B$5) -> 2.8298553 | S12: =-IF(AVERAGE('cons 2023 - 2025'!D13:AM13)=0,"",_xlfn.STDEV.S('cons 2023 - 2025'!D13:AM13)/AVERAGE('cons 2023 - 2025'!D13:AM13)) -> 2.2972842 | T12: =IF(ISBLANK(S12),"Z", IF(S12<=0.25,"X", IF(S12<=0.5,"Y","Z"))) -> Z | U12: =IF(E12="B",0.95,IF(E12="C",0.9,0.98)) -> 0.95 | V12: =IF(E12="B",1.65,1.28) -> 1.65 | W12: =V12*R12*SQRT(G12) -> 34.248323 | X12: =V12*P12*SQRT(H12) -> 29.328511 | Y12: =Q12*G12+W12 -> 48.377616 | Z12: =N12*H12+X12 -> 39.689993 | AA12: =-AVERAGE('cons 2023 - 2025'!D13:AM13)*12 -> 69.333333 | AB12: =I12*0.2 -> 87.2758 | AC12: =SQRT((2*AA12*'⚙ Assumptions'!$B$3)/AB12) -> 15.437776 | AD12: =Z12 -> 39.689993 | AE12: =Z12+AC12 -> 55.127769 | AF12: =AA12/AC12 -> 4.4911476
A13: 45600027 | B13: Acide pour détartrage Treatonet DDB044 | C13: PC | D13: =VLOOKUP(A13,'Lead Time'!$A$2:$C$1180,3,0) -> Local | E13: =VLOOKUP(A13,Classification!$A$2:$D$1180,4,0) -> B | F13: =VLOOKUP(A13,Classification!$A$2:$E$1180,5,0) -> H | G13: =VLOOKUP(A13,'Lead Time'!$A$2:$D$1180,4,0) -> 13.583333 | H13: =G13/30 -> 0.45277778 | I13: =VLOOKUP(A13,Classification!$A$2:$F$1180,6,0) -> 425.607 | J13: =-SUM('cons 2023 - 2025'!D14:AM14) -> 780 | K13: =-_xlfn.MINIFS('cons 2023 - 2025'!D14:AM14,'cons 2023 - 2025'!D14:AM14,"<>0") -> 75 | L13: =-_xlfn.MAXIFS('cons 2023 - 2025'!D14:AM14,'cons 2023 - 2025'!D14:AM14,"<>0") -> 1 | M13: =COUNTIF('cons 2023 - 2025'!D14:AM14,"<>0") -> 23 | N13: =-AVERAGE('cons 2023 - 2025'!D14:AM14) -> 21.666667 | O13: =J13/M13 -> 33.913043 | P13: =_xlfn.STDEV.S('cons 2023 - 2025'!D14:AM14) -> 23.836347 | Q13: =-AVERAGE('cons 2023 - 2025'!D14:AM14)/'⚙ Assumptions'!$B$5 -> 0.98484848 | R13: =_xlfn.STDEV.S('cons 2023 - 2025'!D14:AM14)/SQRT('⚙ Assumptions'!$B$5) -> 5.0819262 | S13: =-IF(AVERAGE('cons 2023 - 2025'!D14:AM14)=0,"",_xlfn.STDEV.S('cons 2023 - 2025'!D14:AM14)/AVERAGE('cons 2023 - 2025'!D14:AM14)) -> 1.1001391 | T13: =IF(ISBLANK(S13),"Z", IF(S13<=0.25,"X", IF(S13<=0.5,"Y","Z"))) -> Z | U13: =IF(E13="B",0.95,IF(E13="C",0.9,0.98)) -> 0.95 | V13: =IF(E13="B",1.65,1.28) -> 1.65 | W13: =V13*R13*SQRT(G13) -> 30.904056 | X13: =V13*P13*SQRT(H13) -> 26.464652 | Y13: =Q13*G13+W13 -> 44.281581 | Z13: =N13*H13+X13 -> 36.274837 | AA13: =-AVERAGE('cons 2023 - 2025'!D14:AM14)*12 -> 260 | AB13: =I13*0.2 -> 85.1214 | AC13: =SQRT((2*AA13*'⚙ Assumptions'!$B$3)/AB13) -> 30.27108 | AD13: =Z13 -> 36.274837 | AE13: =Z13+AC13 -> 66.545918 | AF13: =AA13/AC13 -> 8.5890558
A14: 78610111 | B14: VERIN PID S040 MC 0100 B201215 R:640466Z | C14: PC | D14: =VLOOKUP(A14,'Lead Time'!$A$2:$C$1180,3,0) -> Mixed Source | E14: =VLOOKUP(A14,Classification!$A$2:$D$1180,4,0) -> B | F14: =VLOOKUP(A14,Classification!$A$2:$E$1180,5,0) -> H | G14: =VLOOKUP(A14,'Lead Time'!$A$2:$D$1180,4,0) -> 42.002717 | H14: =G14/30 -> 1.4000906 | I14: =VLOOKUP(A14,Classification!$A$2:$F$1180,6,0) -> 371.378 | J14: =-SUM('cons 2023 - 2025'!D15:AM15) -> 79 | K14: =-_xlfn.MINIFS('cons 2023 - 2025'!D15:AM15,'cons 2023 - 2025'!D15:AM15,"<>0") -> 8 | L14: =-_xlfn.MAXIFS('cons 2023 - 2025'!D15:AM15,'cons 2023 - 2025'!D15:AM15,"<>0") -> 1 | M14: =COUNTIF('cons 2023 - 2025'!D15:AM15,"<>0") -> 27 | N14: =-AVERAGE('cons 2023 - 2025'!D15:AM15) -> 2.1944444 | O14: =J14/M14 -> 2.9259259 | P14: =_xlfn.STDEV.S('cons 2023 - 2025'!D15:AM15) -> 2.1087497 | Q14: =-AVERAGE('cons 2023 - 2025'!D15:AM15)/'⚙ Assumptions'!$B$5 -> 0.099747475 | R14: =_xlfn.STDEV.S('cons 2023 - 2025'!D15:AM15)/SQRT('⚙ Assumptions'!$B$5) -> 0.44958695 | S14: =-IF(AVERAGE('cons 2023 - 2025'!D15:AM15)=0,"",_xlfn.STDEV.S('cons 2023 - 2025'!D15:AM15)/AVERAGE('cons 2023 - 2025'!D15:AM15)) -> 0.96094924 | T14: =IF(ISBLANK(S14),"Z", IF(S14<=0.25,"X", IF(S14<=0.5,"Y","Z"))) -> Z | U14: =IF(E14="B",0.95,IF(E14="C",0.9,0.98)) -> 0.95 | V14: =IF(E14="B",1.65,1.28) -> 1.65 | W14: =V14*R14*SQRT(G14) -> 4.8076887 | X14: =V14*P14*SQRT(H14) -> 4.1170586 | Y14: =Q14*G14+W14 -> 8.9973537 | Z14: =N14*H14+X14 -> 7.1894796 | AA14: =-AVERAGE('cons 2023 - 2025'!D15:AM15)*12 -> 26.333333 | AB14: =I14*0.2 -> 74.2756 | AC14: =SQRT((2*AA14*'⚙ Assumptions'!$B$3)/AB14) -> 10.313129 | AD14: =Z14 -> 7.1894796 | AE14: =Z14+AC14 -> 17.502609 | AF14: =AA14/AC14 -> 2.5533795
A15: 78610124 | B15: VERIN 241Z25B040XP M.WORK ref:641802D | C15: PC | D15: =VLOOKUP(A15,'Lead Time'!$A$2:$C$1180,3,0) -> Local | E15: =VLOOKUP(A15,Classification!$A$2:$D$1180,4,0) -> B | F15: =VLOOKUP(A15,Classification!$A$2:$E$1180,5,0) -> H | G15: =VLOOKUP(A15,'Lead Time'!$A$2:$D$1180,4,0) -> 18.666667 | H15: =G15/30 -> 0.62222222 | I15: =VLOOKUP(A15,Classification!$A$2:$F$1180,6,0) -> 370.069 | J15: =-SUM('cons 2023 - 2025'!D16:AM16) -> 49 | K15: =-_xlfn.MINIFS('cons 2023 - 2025'!D16:AM16,'cons 2023 - 2025'!D16:AM16,"<>0") -> 4 | L15: =-_xlfn.MAXIFS('cons 2023 - 2025'!D16:AM16,'cons 2023 - 2025'!D16:AM16,"<>0") -> 1 | M15: =COUNTIF('cons 2023 - 2025'!D16:AM16,"<>0") -> 23 | N15: =-AVERAGE('cons 2023 - 2025'!D16:AM16) -> 1.3611111 | O15: =J15/M15 -> 2.1304348 | P15: =_xlfn.STDEV.S('cons 2023 - 2025'!D16:AM16) -> 1.3342259 | Q15: =-AVERAGE('cons 2023 - 2025'!D16:AM16)/'⚙ Assumptions'!$B$5 -> 0.061868687 | R15: =_xlfn.STDEV.S('cons 2023 - 2025'!D16:AM16)/SQRT('⚙ Assumptions'!$B$5) -> 0.28445792 | S15: =-IF(AVERAGE('cons 2023 - 2025'!D16:AM16)=0,"",_xlfn.STDEV.S('cons 2023 - 2025'!D16:AM16)/AVERAGE('cons 2023 - 2025'!D16:AM16)) -> 0.98024759 | T15: =IF(ISBLANK(S15),"Z", IF(S15<=0.25,"X", IF(S15<=0.5,"Y","Z"))) -> Z | U15: =IF(E15="B",0.95,IF(E15="C",0.9,0.98)) -> 0.95 | V15: =IF(E15="B",1.65,1.28) -> 1.65 | W15: =V15*R15*SQRT(G15) -> 2.0278478 | X15: =V15*P15*SQRT(H15) -> 1.7365451 | Y15: =Q15*G15+W15 -> 3.1827299 | Z15: =N15*H15+X15 -> 2.5834587 | AA15: =-AVERAGE('cons 2023 - 2025'!D16:AM16)*12 -> 16.333333 | AB15: =I15*0.2 -> 74.0138 | AC15: =SQRT((2*AA15*'⚙ Assumptions'!$B$3)/AB15) -> 8.1365761 | AD15: =Z15 -> 2.5834587 | AE15: =Z15+AC15 -> 10.720035 | AF15: =AA15/AC15 -> 2.0073964
A16: 40010001 | B16: CHARGE ACYTELENE ALTOP | C16: BT. | D16: =VLOOKUP(A16,'Lead Time'!$A$2:$C$1180,3,0) -> Local | E16: =VLOOKUP(A16,Classification!$A$2:$D$1180,4,0) -> B | F16: =VLOOKUP(A16,Classification!$A$2:$E$1180,5,0) -> H | G16: =VLOOKUP(A16,'Lead Time'!$A$2:$D$1180,4,0) -> 14.62069 | H16: =G16/30 -> 0.48735632 | I16: =VLOOKUP(A16,Classification!$A$2:$F$1180,6,0) -> 298.252 | J16: =-SUM('cons 2023 - 2025'!D17:AM17) -> 31 | K16: =-_xlfn.MINIFS('cons 2023 - 2025'!D17:AM17,'cons 2023 - 2025'!D17:AM17,"<>0") -> 8 | L16: =-_xlfn.MAXIFS('cons 2023 - 2025'!D17:AM17,'cons 2023 - 2025'!D17:AM17,"<>0") -> 1 | M16: =COUNTIF('cons 2023 - 2025'!D17:AM17,"<>0") -> 17 | N16: =-AVERAGE('cons 2023 - 2025'!D17:AM17) -> 0.86111111 | O16: =J16/M16 -> 1.8235294 | P16: =_xlfn.STDEV.S('cons 2023 - 2025'!D17:AM17) -> 1.5334886 | Q16: =-AVERAGE('cons 2023 - 2025'!D17:AM17)/'⚙ Assumptions'!$B$5 -> 0.039141414 | R16: =_xlfn.STDEV.S('cons 2023 - 2025'!D17:AM17)/SQRT('⚙ Assumptions'!$B$5) -> 0.32694087 | S16: =-IF(AVERAGE('cons 2023 - 2025'!D17:AM17)=0,"",_xlfn.STDEV.S('cons 2023 - 2025'!D17:AM17)/AVERAGE('cons 2023 - 2025'!D17:AM17)) -> 1.7808255 | T16: =IF(ISBLANK(S16),"Z", IF(S16<=0.25,"X", IF(S16<=0.5,"Y","Z"))) -> Z | U16: =IF(E16="B",0.95,IF(E16="C",0.9,0.98)) -> 0.95 | V16: =IF(E16="B",1.65,1.28) -> 1.65 | W16: =V16*R16*SQRT(G16) -> 2.0627048 | X16: =V16*P16*SQRT(H16) -> 1.7663949 | Y16: =Q16*G16+W16 -> 2.6349793 | Z16: =N16*H16+X16 -> 2.1860628 | AA16: =-AVERAGE('cons 2023 - 2025'!D17:AM17)*12 -> 10.333333 | AB16: =I16*0.2 -> 59.6504 | AC16: =SQRT((2*AA16*'⚙ Assumptions'!$B$3)/AB16) -> 7.2089857 | AD16: =Z16 -> 2.1860628 | AE16: =Z16+AC16 -> 9.3950486 | AF16: =AA16/AC16 -> 1.4333963
A17: 90250052 | B17: BUSE RINGARDAGE REF:REF B33*1,5 | C17: PC | D17: =VLOOKUP(A17,'Lead Time'!$A$2:$C$1180,3,0) -> Local | E17: =VLOOKUP(A17,Classification!$A$2:$D$1180,4,0) -> B | F17: =VLOOKUP(A17,Classification!$A$2:$E$1180,5,0) -> H | G17: =VLOOKUP(A17,'Lead Time'!$A$2:$D$1180,4,0) -> 36.666667 | H17: =G17/30 -> 1.2222222 | I17: =VLOOKUP(A17,Classification!$A$2:$F$1180,6,0) -> 286.541 | J17: =-SUM('cons 2023 - 2025'!D18:AM18) -> 72 | K17: =-_xlfn.MINIFS('cons 2023 - 2025'!D18:AM18,'cons 2023 - 2025'!D18:AM18,"<>0") -> 9 | L17: =-_xlfn.MAXIFS('cons 2023 - 2025'!D18:AM18,'cons 2023 - 2025'!D18:AM18,"<>0") -> 1 | M17: =COUNTIF('cons 2023 - 2025'!D18:AM18,"<>0") -> 25 | N17: =-AVERAGE('cons 2023 - 2025'!D18:AM18) -> 2 | O17: =J17/M17 -> 2.88 | P17: =_xlfn.STDEV.S('cons 2023 - 2025'!D18:AM18) -> 2.4377976 | Q17: =-AVERAGE('cons 2023 - 2025'!D18:AM18)/'⚙ Assumptions'!$B$5 -> 0.090909091 | R17: =_xlfn.STDEV.S('cons 2023 - 2025'!D18:AM18)/SQRT('⚙ Assumptions'!$B$5) -> 0.51974019 | S17: =-IF(AVERAGE('cons 2023 - 2025'!D18:AM18)=0,"",_xlfn.STDEV.S('cons 2023 - 2025'!D18:AM18)/AVERAGE('cons 2023 - 2025'!D18:AM18)) -> 1.2188988 | T17: =IF(ISBLANK(S17),"Z", IF(S17<=0.25,"X", IF(S17<=0.5,"Y","Z"))) -> Z | U17: =IF(E17="B",0.95,IF(E17="C",0.9,0.98)) -> 0.95 | V17: =IF(E17="B",1.65,1.28) -> 1.65 | W17: =V17*R17*SQRT(G17) -> 5.1928522 | X17: =V17*P17*SQRT(H17) -> 4.446893 | Y17: =Q17*G17+W17 -> 8.5261856 | Z17: =N17*H17+X17 -> 6.8913374 | AA17: =-AVERAGE('cons 2023 - 2025'!D18:AM18)*12 -> 24 | AB17: =I17*0.2 -> 57.3082 | AC17: =SQRT((2*AA17*'⚙ Assumptions'!$B$3)/AB17) -> 11.208768 | AD17: =Z17 -> 6.8913374 | AE17: =Z17+AC17 -> 18.100105 | AF17: =AA17/AC17 -> 2.141181
A18: 83300018 | B18: FILTRE HUILE COMP DSD238 RÉF 6.3465.0 | C18: PC | D18: =VLOOKUP(A18,'Lead Time'!$A$2:$C$1180,3,0) -> Local | E18: =VLOOKUP(A18,Classification!$A$2:$D$1180,4,0) -> B | F18: =VLOOKUP(A18,Classification!$A$2:$E$1180,5,0) -> H | G18: =VLOOKUP(A18,'Lead Time'!$A$2:$D$1180,4,0) -> 11.363636 | H18: =G18/30 -> 0.37878788 | I18: =VLOOKUP(A18,Classification!$A$2:$F$1180,6,0) -> 262.088 | J18: =-SUM('cons 2023 - 2025'!D19:AM19) -> 64 | K18: =-_xlfn.MINIFS('cons 2023 - 2025'!D19:AM19,'cons 2023 - 2025'!D19:AM19,"<>0") -> 7 | L18: =-_xlfn.MAXIFS('cons 2023 - 2025'!D19:AM19,'cons 2023 - 2025'!D19:AM19,"<>0") -> 1 | M18: =COUNTIF('cons 2023 - 2025'!D19:AM19,"<>0") -> 14 | N18: =-AVERAGE('cons 2023 - 2025'!D19:AM19) -> 1.7777778 | O18: =J18/M18 -> 4.5714286 | P18: =_xlfn.STDEV.S('cons 2023 - 2025'!D19:AM19) -> 2.5979235 | Q18: =-AVERAGE('cons 2023 - 2025'!D19:AM19)/'⚙ Assumptions'!$B$5 -> 0.080808081 | R18: =_xlfn.STDEV.S('cons 2023 - 2025'!D19:AM19)/SQRT('⚙ Assumptions'!$B$5) -> 0.55387914 | S18: =-IF(AVERAGE('cons 2023 - 2025'!D19:AM19)=0,"",_xlfn.STDEV.S('cons 2023 - 2025'!D19:AM19)/AVERAGE('cons 2023 - 2025'!D19:AM19)) -> 1.461332 | T18: =IF(ISBLANK(S18),"Z", IF(S18<=0.25,"X", IF(S18<=0.5,"Y","Z"))) -> Z | U18: =IF(E18="B",0.95,IF(E18="C",0.9,0.98)) -> 0.95 | V18: =IF(E18="B",1.65,1.28) -> 1.65 | W18: =V18*R18*SQRT(G18) -> 3.0807583 | X18: =V18*P18*SQRT(H18) -> 2.6382038 | Y18: =Q18*G18+W18 -> 3.9990319 | Z18: =N18*H18+X18 -> 3.3116044 | AA18: =-AVERAGE('cons 2023 - 2025'!D19:AM19)*12 -> 21.333333 | AB18: =I18*0.2 -> 52.4176 | AC18: =SQRT((2*AA18*'⚙ Assumptions'!$B$3)/AB18) -> 11.049724 | AD18: =Z18 -> 3.3116044 | AE18: =Z18+AC18 -> 14.361328 | AF18: =AA18/AC18 -> 1.9306667
A19: 43200054 | B19: Electrode OK 67.45 E307 3.2mm | C19: PAQ | D19: =VLOOKUP(A19,'Lead Time'!$A$2:$C$1180,3,0) -> Local | E19: =VLOOKUP(A19,Classification!$A$2:$D$1180,4,0) -> B | F19: =VLOOKUP(A19,Classification!$A$2:$E$1180,5,0) -> H | G19: =VLOOKUP(A19,'Lead Time'!$A$2:$D$1180,4,0) -> 13.125 | H19: =G19/30 -> 0.4375 | I19: =VLOOKUP(A19,Classification!$A$2:$F$1180,6,0) -> 249.277 | J19: =-SUM('cons 2023 - 2025'!D20:AM20) -> 53 | K19: =-_xlfn.MINIFS('cons 2023 - 2025'!D20:AM20,'cons 2023 - 2025'!D20:AM20,"<>0") -> 21 | L19: =-_xlfn.MAXIFS('cons 2023 - 2025'!D20:AM20,'cons 2023 - 2025'!D20:AM20,"<>0") -> 1 | M19: =COUNTIF('cons 2023 - 2025'!D20:AM20,"<>0") -> 8 | N19: =-AVERAGE('cons 2023 - 2025'!D20:AM20) -> 1.4722222 | O19: =J19/M19 -> 6.625 | P19: =_xlfn.STDEV.S('cons 2023 - 2025'!D20:AM20) -> 4.3259094 | Q19: =-AVERAGE('cons 2023 - 2025'!D20:AM20)/'⚙ Assumptions'!$B$5 -> 0.066919192 | R19: =_xlfn.STDEV.S('cons 2023 - 2025'!D20:AM20)/SQRT('⚙ Assumptions'!$B$5) -> 0.92228698 | S19: =-IF(AVERAGE('cons 2023 - 2025'!D20:AM20)=0,"",_xlfn.STDEV.S('cons 2023 - 2025'!D20:AM20)/AVERAGE('cons 2023 - 2025'!D20:AM20)) -> 2.9383535 | T19: =IF(ISBLANK(S19),"Z", IF(S19<=0.25,"X", IF(S19<=0.5,"Y","Z"))) -> Z | U19: =IF(E19="B",0.95,IF(E19="C",0.9,0.98)) -> 0.95 | V19: =IF(E19="B",1.65,1.28) -> 1.65 | W19: =V19*R19*SQRT(G19) -> 5.5131483 | X19: =V19*P19*SQRT(H19) -> 4.7211782 | Y19: =Q19*G19+W19 -> 6.3914627 | Z19: =N19*H19+X19 -> 5.3652754 | AA19: =-AVERAGE('cons 2023 - 2025'!D20:AM20)*12 -> 17.666667 | AB19: =I19*0.2 -> 49.8554 | AC19: =SQRT((2*AA19*'⚙ Assumptions'!$B$3)/AB19) -> 10.31055 | AD19: =Z19 -> 5.3652754 | AE19: =Z19+AC19 -> 15.675825 | AF19: =AA19/AC19 -> 1.7134553
A20: 59050017 | B20: DETECTEUR *IGM200 | C20: PC | D20: =VLOOKUP(A20,'Lead Time'!$A$2:$C$1180,3,0) -> Local | E20: =VLOOKUP(A20,Classification!$A$2:$D$1180,4,0) -> B | F20: =VLOOKUP(A20,Classification!$A$2:$E$1180,5,0) -> H | G20: =VLOOKUP(A20,'Lead Time'!$A$2:$D$1180,4,0) -> 86.2 | H20: =G20/30 -> 2.8733333 | I20: =VLOOKUP(A20,Classification!$A$2:$F$1180,6,0) -> 245.543 | J20: =-SUM('cons 2023 - 2025'!D21:AM21) -> 33 | K20: =-_xlfn.MINIFS('cons 2023 - 2025'!D21:AM21,'cons 2023 - 2025'!D21:AM21,"<>0") -> 5 | L20: =-_xlfn.MAXIFS('cons 2023 - 2025'!D21:AM21,'cons 2023 - 2025'!D21:AM21,"<>0") -> 1 | M20: =COUNTIF('cons 2023 - 2025'!D21:AM21,"<>0") -> 15 | N20: =-AVERAGE('cons 2023 - 2025'!D21:AM21) -> 0.91666667 | O20: =J20/M20 -> 2.2 | P20: =_xlfn.STDEV.S('cons 2023 - 2025'!D21:AM21) -> 1.3174651 | Q20: =-AVERAGE('cons 2023 - 2025'!D21:AM21)/'⚙ Assumptions'!$B$5 -> 0.041666667 | R20: =_xlfn.STDEV.S('cons 2023 - 2025'!D21:AM21)/SQRT('⚙ Assumptions'!$B$5) -> 0.2808845 | S20: =-IF(AVERAGE('cons 2023 - 2025'!D21:AM21)=0,"",_xlfn.STDEV.S('cons 2023 - 2025'!D21:AM21)/AVERAGE('cons 2023 - 2025'!D21:AM21)) -> 1.4372347 | T20: =IF(ISBLANK(S20),"Z", IF(S20<=0.25,"X", IF(S20<=0.5,"Y","Z"))) -> Z | U20: =IF(E20="B",0.95,IF(E20="C",0.9,0.98)) -> 0.95 | V20: =IF(E20="B",1.65,1.28) -> 1.65 | W20: =V20*R20*SQRT(G20) -> 4.3029406 | X20: =V20*P20*SQRT(H20) -> 3.6848182 | Y20: =Q20*G20+W20 -> 7.8946073 | Z20: =N20*H20+X20 -> 6.3187071 | AA20: =-AVERAGE('cons 2023 - 2025'!D21:AM21)*12 -> 11 | AB20: =I20*0.2 -> 49.1086 | AC20: =SQRT((2*AA20*'⚙ Assumptions'!$B$3)/AB20) -> 8.197439 | AD20: =Z20 -> 6.3187071 | AE20: =Z20+AC20 -> 14.516146 | AF20: =AA20/AC20 -> 1.3418825
... A36: 91100459 | B36: SELLE DROITE | C36: PC | D36: =VLOOKUP(A36,'Lead Time'!$A$2:$C$1180,3,0) -> Local | E36: =VLOOKUP(A36,Classification!$A$2:$D$1180,4,0) -> C | F36: =VLOOKUP(A36,Classification!$A$2:$E$1180,5,0) -> M | G36: =VLOOKUP(A36,'Lead Time'!$A$2:$D$1180,4,0) -> 171.5 | H36: =G36/30 -> 5.7166667 | I36: =VLOOKUP(A36,Classification!$A$2:$F$1180,6,0) -> 148.745 | J36: =-SUM('cons 2023 - 2025'!D37:AM37) -> 12 | K36: =-_xlfn.MINIFS('cons 2023 - 2025'!D37:AM37,'cons 2023 - 2025'!D37:AM37,"<>0") -> 3 | L36: =-_xlfn.MAXIFS('cons 2023 - 2025'!D37:AM37,'cons 2023 - 2025'!D37:AM37,"<>0") -> 2 | M36: =COUNTIF('cons 2023 - 2025'!D37:AM37,"<>0") -> 5 | N36: =-AVERAGE('cons 2023 - 2025'!D37:AM37) -> 0.33333333 | O36: =J36/M36 -> 2.4 | P36: =_xlfn.STDEV.S('cons 2023 - 2025'!D37:AM37) -> 0.86189161 | Q36: =-AVERAGE('cons 2023 - 2025'!D37:AM37)/'⚙ Assumptions'!$B$5 -> 0.015151515 | R36: =_xlfn.STDEV.S('cons 2023 - 2025'!D37:AM37)/SQRT('⚙ Assumptions'!$B$5) -> 0.18375591 | S36: =-IF(AVERAGE('cons 2023 - 2025'!D37:AM37)=0,"",_xlfn.STDEV.S('cons 2023 - 2025'!D37:AM37)/AVERAGE('cons 2023 - 2025'!D37:AM37)) -> 2.5856748 | T36: =IF(ISBLANK(S36),"Z", IF(S36<=0.25,"X", IF(S36<=0.5,"Y","Z"))) -> Z | U36: =IF(E36="B",0.95,IF(E36="C",0.9,0.98)) -> 0.9 | V36: =IF(E36="B",1.65,1.28) -> 1.28 | W36: =V36*R36*SQRT(G36) -> 3.0802314 | X36: =V36*P36*SQRT(H36) -> 2.6377526 | Y36: =Q36*G36+W36 -> 5.6787162 | Z36: =N36*H36+X36 -> 4.5433081 | AA36: =-AVERAGE('cons 2023 - 2025'!D37:AM37)*12 -> 4 | AB36: =I36*0.2 -> 29.749 | AC36: =SQRT((2*AA36*'⚙ Assumptions'!$B$3)/AB36) -> 6.3511802 | AD36: =Z36 -> 4.5433081 | AE36: =Z36+AC36 -> 10.894488 | AF36: =AA36/AC36 -> 0.6298042
A37: 02030003 | B37: CEMI HRS SAC | C37: TO | E37: =VLOOKUP(A37,Classification!$A$2:$D$1180,4,0) -> C | F37: =VLOOKUP(A37,Classification!$A$2:$E$1180,5,0) -> H | G37: =VLOOKUP(A37,'Lead Time'!$A$2:$D$1180,4,0) -> 44 | H37: =G37/30 -> 1.4666667 | I37: =VLOOKUP(A37,Classification!$A$2:$F$1180,6,0) -> 147.905 | J37: =-SUM('cons 2023 - 2025'!D38:AM38) -> 208664.9 | K37: =-_xlfn.MINIFS('cons 2023 - 2025'!D38:AM38,'cons 2023 - 2025'!D38:AM38,"<>0") -> 59802.85 | L37: =-_xlfn.MAXIFS('cons 2023 - 2025'!D38:AM38,'cons 2023 - 2025'!D38:AM38,"<>0") -> 637.6 | M37: =COUNTIF('cons 2023 - 2025'!D38:AM38,"<>0") -> 36 | N37: =-AVERAGE('cons 2023 - 2025'!D38:AM38) -> 5796.2472 | O37: =J37/M37 -> 5796.2472 | P37: =_xlfn.STDEV.S('cons 2023 - 2025'!D38:AM38) -> 9368.3708 | Q37: =-AVERAGE('cons 2023 - 2025'!D38:AM38)/'⚙ Assumptions'!$B$5 -> 263.46578 | R37: =_xlfn.STDEV.S('cons 2023 - 2025'!D38:AM38)/SQRT('⚙ Assumptions'!$B$5) -> 1997.3434 | S37: =-IF(AVERAGE('cons 2023 - 2025'!D38:AM38)=0,"",_xlfn.STDEV.S('cons 2023 - 2025'!D38:AM38)/AVERAGE('cons 2023 - 2025'!D38:AM38)) -> 1.6162821 | T37: =IF(ISBLANK(S37),"Z", IF(S37<=0.25,"X", IF(S37<=0.5,"Y","Z"))) -> Z | U37: =IF(E37="B",0.95,IF(E37="C",0.9,0.98)) -> 0.9 | V37: =IF(E37="B",1.65,1.28) -> 1.28 | W37: =V37*R37*SQRT(G37) -> 16958.563 | X37: =V37*P37*SQRT(H37) -> 14522.445 | Y37: =Q37*G37+W37 -> 28551.057 | Z37: =N37*H37+X37 -> 23023.608 | AA37: =-AVERAGE('cons 2023 - 2025'!D38:AM38)*12 -> 69554.967 | AB37: =I37*0.2 -> 29.581 | AC37: =SQRT((2*AA37*'⚙ Assumptions'!$B$3)/AB37) -> 839.882 | AD37: =Z37 -> 23023.608 | AE37: =Z37+AC37 -> 23863.49 | AF37: =AA37/AC37 -> 82.815165
A38: 53250184 | B38: Relais thermique 23-32A LRD332 | C38: PC | D38: =VLOOKUP(A38,'Lead Time'!$A$2:$C$1180,3,0) -> Local | E38: =VLOOKUP(A38,Classification!$A$2:$D$1180,4,0) -> C | F38: =VLOOKUP(A38,Classification!$A$2:$E$1180,5,0) -> L | G38: =VLOOKUP(A38,'Lead Time'!$A$2:$D$1180,4,0) -> 99 | H38: =G38/30 -> 3.3 | I38: =VLOOKUP(A38,Classification!$A$2:$F$1180,6,0) -> 147.497 | J38: =-SUM('cons 2023 - 2025'!D39:AM39) -> 4 | K38: =-_xlfn.MINIFS('cons 2023 - 2025'!D39:AM39,'cons 2023 - 2025'!D39:AM39,"<>0") -> 2 | L38: =-_xlfn.MAXIFS('cons 2023 - 2025'!D39:AM39,'cons 2023 - 2025'!D39:AM39,"<>0") -> 1 | M38: =COUNTIF('cons 2023 - 2025'!D39:AM39,"<>0") -> 3 | N38: =-AVERAGE('cons 2023 - 2025'!D39:AM39) -> 0.11111111 | O38: =J38/M38 -> 1.3333333 | P38: =_xlfn.STDEV.S('cons 2023 - 2025'!D39:AM39) -> 0.39840954 | Q38: =-AVERAGE('cons 2023 - 2025'!D39:AM39)/'⚙ Assumptions'!$B$5 -> 0.0050505051 | R38: =_xlfn.STDEV.S('cons 2023 - 2025'!D39:AM39)/SQRT('⚙ Assumptions'!$B$5) -> 0.084941199 | S38: =-IF(AVERAGE('cons 2023 - 2025'!D39:AM39)=0,"",_xlfn.STDEV.S('cons 2023 - 2025'!D39:AM39)/AVERAGE('cons 2023 - 2025'!D39:AM39)) -> 3.5856858 | T38: =IF(ISBLANK(S38),"Z", IF(S38<=0.25,"X", IF(S38<=0.5,"Y","Z"))) -> Z | U38: =IF(E38="B",0.95,IF(E38="C",0.9,0.98)) -> 0.9 | V38: =IF(E38="B",1.65,1.28) -> 1.28 | W38: =V38*R38*SQRT(G38) -> 1.0817974 | X38: =V38*P38*SQRT(H38) -> 0.92639599 | Y38: =Q38*G38+W38 -> 1.5817974 | Z38: =N38*H38+X38 -> 1.2930627 | AA38: =-AVERAGE('cons 2023 - 2025'!D39:AM39)*12 -> 1.3333333 | AB38: =I38*0.2 -> 29.4994 | AC38: =SQRT((2*AA38*'⚙ Assumptions'!$B$3)/AB38) -> 3.6823359 | AD38: =Z38 -> 1.2930627 | AE38: =Z38+AC38 -> 4.9753986 | AF38: =AA38/AC38 -> 0.362089
A39: 10030103 | B39: BRIQUE MLA RP201 KROSAKI | C39: PC | E39: =VLOOKUP(A39,Classification!$A$2:$D$1180,4,0) -> C | F39: =VLOOKUP(A39,Classification!$A$2:$E$1180,5,0) -> L | G39: =VLOOKUP(A39,'Lead Time'!$A$2:$D$1180,4,0) -> 0 | H39: =G39/30 -> 0 | I39: =VLOOKUP(A39,Classification!$A$2:$F$1180,6,0) -> 147.278 | J39: =-SUM('cons 2023 - 2025'!D40:AM40) -> 2 | K39: =-_xlfn.MINIFS('cons 2023 - 2025'!D40:AM40,'cons 2023 - 2025'!D40:AM40,"<>0") -> 2 | L39: =-_xlfn.MAXIFS('cons 2023 - 2025'!D40:AM40,'cons 2023 - 2025'!D40:AM40,"<>0") -> 2 | M39: =COUNTIF('cons 2023 - 2025'!D40:AM40,"<>0") -> 1 | N39: =-AVERAGE('cons 2023 - 2025'!D40:AM40) -> 0.055555556 | O39: =J39/M39 -> 2 | P39: =_xlfn.STDEV.S('cons 2023 - 2025'!D40:AM40) -> 0.33333333 | Q39: =-AVERAGE('cons 2023 - 2025'!D40:AM40)/'⚙ Assumptions'!$B$5 -> 0.0025252525 | R39: =_xlfn.STDEV.S('cons 2023 - 2025'!D40:AM40)/SQRT('⚙ Assumptions'!$B$5) -> 0.071066905 | S39: =-IF(AVERAGE('cons 2023 - 2025'!D40:AM40)=0,"",_xlfn.STDEV.S('cons 2023 - 2025'!D40:AM40)/AVERAGE('cons 2023 - 2025'!D40:AM40)) -> 6 | T39: =IF(ISBLANK(S39),"Z", IF(S39<=0.25,"X", IF(S39<=0.5,"Y","Z"))) -> Z | U39: =IF(E39="B",0.95,IF(E39="C",0.9,0.98)) -> 0.9 | V39: =IF(E39="B",1.65,1.28) -> 1.28 | W39: =V39*R39*SQRT(G39) -> 0 | X39: =V39*P39*SQRT(H39) -> 0 | Y39: =Q39*G39+W39 -> 0 | Z39: =N39*H39+X39 -> 0 | AA39: =-AVERAGE('cons 2023 - 2025'!D40:AM40)*12 -> 0.66666667 | AB39: =I39*0.2 -> 29.4556 | AC39: =SQRT((2*AA39*'⚙ Assumptions'!$B$3)/AB39) -> 2.6057399 | AD39: =Z39 -> 0 | AE39: =Z39+AC39 -> 2.6057399 | AF39: =AA39/AC39 -> 0.25584544
A40: 20300015 | B40: FER PLAT 100*8 LONG 6M | C40: PC | D40: =VLOOKUP(A40,'Lead Time'!$A$2:$C$1180,3,0) -> Local | E40: =VLOOKUP(A40,Classification!$A$2:$D$1180,4,0) -> C | F40: =VLOOKUP(A40,Classification!$A$2:$E$1180,5,0) -> M | G40: =VLOOKUP(A40,'Lead Time'!$A$2:$D$1180,4,0) -> 36 | H40: =G40/30 -> 1.2 | I40: =VLOOKUP(A40,Classification!$A$2:$F$1180,6,0) -> 147.058 | J40: =-SUM('cons 2023 - 2025'!D41:AM41) -> 10 | K40: =-_xlfn.MINIFS('cons 2023 - 2025'!D41:AM41,'cons 2023 - 2025'!D41:AM41,"<>0") -> 2 | L40: =-_xlfn.MAXIFS('cons 2023 - 2025'!D41:AM41,'cons 2023 - 2025'!D41:AM41,"<>0") -> 1 | M40: =COUNTIF('cons 2023 - 2025'!D41:AM41,"<>0") -> 8 | N40: =-AVERAGE('cons 2023 - 2025'!D41:AM41) -> 0.27777778 | O40: =J40/M40 -> 1.25 | P40: =_xlfn.STDEV.S('cons 2023 - 2025'!D41:AM41) -> 0.56624634 | Q40: =-AVERAGE('cons 2023 - 2025'!D41:AM41)/'⚙ Assumptions'!$B$5 -> 0.012626263 | R40: =_xlfn.STDEV.S('cons 2023 - 2025'!D41:AM41)/SQRT('⚙ Assumptions'!$B$5) -> 0.12072413 | S40: =-IF(AVERAGE('cons 2023 - 2025'!D41:AM41)=0,"",_xlfn.STDEV.S('cons 2023 - 2025'!D41:AM41)/AVERAGE('cons 2023 - 2025'!D41:AM41)) -> 2.0384868 | T40: =IF(ISBLANK(S40),"Z", IF(S40<=0.25,"X", IF(S40<=0.5,"Y","Z"))) -> Z | U40: =IF(E40="B",0.95,IF(E40="C",0.9,0.98)) -> 0.9 | V40: =IF(E40="B",1.65,1.28) -> 1.28 | W40: =V40*R40*SQRT(G40) -> 0.92716129 | X40: =V40*P40*SQRT(H40) -> 0.79397349 | Y40: =Q40*G40+W40 -> 1.3817067 | Z40: =N40*H40+X40 -> 1.1273068 | AA40: =-AVERAGE('cons 2023 - 2025'!D41:AM41)*12 -> 3.3333333 | AB40: =I40*0.2 -> 29.4116 | AC40: =SQRT((2*AA40*'⚙ Assumptions'!$B$3)/AB40) -> 5.8309682 | AD40: =Z40 -> 1.1273068 | AE40: =Z40+AC40 -> 6.958275 | AF40: =AA40/AC40 -> 0.57166035
A41: 20030006 | B41: POUTREL EN ACIER UPN80 (6m) | C41: PC | D41: =VLOOKUP(A41,'Lead Time'!$A$2:$C$1180,3,0) -> Local | E41: =VLOOKUP(A41,Classification!$A$2:$D$1180,4,0) -> C | F41: =VLOOKUP(A41,Classification!$A$2:$E$1180,5,0) -> L | G41: =VLOOKUP(A41,'Lead Time'!$A$2:$D$1180,4,0) -> 17.9 | H41: =G41/30 -> 0.59666667 | I41: =VLOOKUP(A41,Classification!$A$2:$F$1180,6,0) -> 146.908 | J41: =-SUM('cons 2023 - 2025'!D42:AM42) -> 11 | K41: =-_xlfn.MINIFS('cons 2023 - 2025'!D42:AM42,'cons 2023 - 2025'!D42:AM42,"<>0") -> 2 | L41: =-_xlfn.MAXIFS('cons 2023 - 2025'!D42:AM42,'cons 2023 - 2025'!D42:AM42,"<>0") -> 1 | M41: =COUNTIF('cons 2023 - 2025'!D42:AM42,"<>0") -> 8 | N41: =-AVERAGE('cons 2023 - 2025'!D42:AM42) -> 0.30555556 | O41: =J41/M41 -> 1.375 | P41: =_xlfn.STDEV.S('cons 2023 - 2025'!D42:AM42) -> 0.62424558 | Q41: =-AVERAGE('cons 2023 - 2025'!D42:AM42)/'⚙ Assumptions'!$B$5 -> 0.013888889 | R41: =_xlfn.STDEV.S('cons 2023 - 2025'!D42:AM42)/SQRT('⚙ Assumptions'!$B$5) -> 0.1330896 | S41: =-IF(AVERAGE('cons 2023 - 2025'!D42:AM42)=0,"",_xlfn.STDEV.S('cons 2023 - 2025'!D42:AM42)/AVERAGE('cons 2023 - 2025'!D42:AM42)) -> 2.0429855 | T41: =IF(ISBLANK(S41),"Z", IF(S41<=0.25,"X", IF(S41<=0.5,"Y","Z"))) -> Z | U41: =IF(E41="B",0.95,IF(E41="C",0.9,0.98)) -> 0.9 | V41: =IF(E41="B",1.65,1.28) -> 1.28 | W41: =V41*R41*SQRT(G41) -> 0.72074331 | X41: =V41*P41*SQRT(H41) -> 0.61720769 | Y41: =Q41*G41+W41 -> 0.96935442 | Z41: =N41*H41+X41 -> 0.79952251 | AA41: =-AVERAGE('cons 2023 - 2025'!D42:AM42)*12 -> 3.6666667 | AB41: =I41*0.2 -> 29.3816 | AC41: =SQRT((2*AA41*'⚙ Assumptions'!$B$3)/AB41) -> 6.1186924 | AD41: =Z41 -> 0.79952251 | AE41: =Z41+AC41 -> 6.9182149 | AF41: =AA41/AC41 -> 0.59925658
A42: 83300017 | B42: FILTRE HUILE COMP ASD57 REF 6.3463.0 | C42: PC | D42: =VLOOKUP(A42,'Lead Time'!$A$2:$C$1180,3,0) -> Local | E42: =VLOOKUP(A42,Classification!$A$2:$D$1180,4,0) -> C | F42: =VLOOKUP(A42,Classification!$A$2:$E$1180,5,0) -> L | G42: =VLOOKUP(A42,'Lead Time'!$A$2:$D$1180,4,0) -> 58.75 | H42: =G42/30 -> 1.9583333 | I42: =VLOOKUP(A42,Classification!$A$2:$F$1180,6,0) -> 146.688 | J42: =-SUM('cons 2023 - 2025'!D43:AM43) -> 3 | K42: =-_xlfn.MINIFS('cons 2023 - 2025'!D43:AM43,'cons 2023 - 2025'!D43:AM43,"<>0") -> 1 | L42: =-_xlfn.MAXIFS('cons 2023 - 2025'!D43:AM43,'cons 2023 - 2025'!D43:AM43,"<>0") -> 1 | M42: =COUNTIF('cons 2023 - 2025'!D43:AM43,"<>0") -> 3 | N42: =-AVERAGE('cons 2023 - 2025'!D43:AM43) -> 0.083333333 | O42: =J42/M42 -> 1 | P42: =_xlfn.STDEV.S('cons 2023 - 2025'!D43:AM43) -> 0.28030596 | Q42: =-AVERAGE('cons 2023 - 2025'!D43:AM43)/'⚙ Assumptions'!$B$5 -> 0.0037878788 | R42: =_xlfn.STDEV.S('cons 2023 - 2025'!D43:AM43)/SQRT('⚙ Assumptions'!$B$5) -> 0.05976143 | S42: =-IF(AVERAGE('cons 2023 - 2025'!D43:AM43)=0,"",_xlfn.STDEV.S('cons 2023 - 2025'!D43:AM43)/AVERAGE('cons 2023 - 2025'!D43:AM43)) -> 3.3636715 | T42: =IF(ISBLANK(S42),"Z", IF(S42<=0.25,"X", IF(S42<=0.5,"Y","Z"))) -> Z | U42: =IF(E42="B",0.95,IF(E42="C",0.9,0.98)) -> 0.9 | V42: =IF(E42="B",1.65,1.28) -> 1.28 | W42: =V42*R42*SQRT(G42) -> 0.58632024 | X42: =V42*P42*SQRT(H42) -> 0.50209466 | Y42: =Q42*G42+W42 -> 0.80885812 | Z42: =N42*H42+X42 -> 0.6652891 | AA42: =-AVERAGE('cons 2023 - 2025'!D43:AM43)*12 -> 1 | AB42: =I42*0.2 -> 29.3376 | AC42: =SQRT((2*AA42*'⚙ Assumptions'!$B$3)/AB42) -> 3.1977782 | AD42: =Z42 -> 0.6652891 | AE42: =Z42+AC42 -> 3.8630673 | AF42: =AA42/AC42 -> 0.31271712
A43: 84100979 | B43: Cale 1 (100*100) TMAS 100-100 | C43: PC | D43: =VLOOKUP(A43,'Lead Time'!$A$2:$C$1180,3,0) -> Local | E43: =VLOOKUP(A43,Classification!$A$2:$D$1180,4,0) -> C | F43: =VLOOKUP(A43,Classification!$A$2:$E$1180,5,0) -> M | G43: =VLOOKUP(A43,'Lead Time'!$A$2:$D$1180,4,0) -> 76 | H43: =G43/30 -> 2.5333333 | I43: =VLOOKUP(A43,Classification!$A$2:$F$1180,6,0) -> 146.502 | J43: =-SUM('cons 2023 - 2025'!D44:AM44) -> 20 | K43: =-_xlfn.MINIFS('cons 2023 - 2025'!D44:AM44,'cons 2023 - 2025'!D44:AM44,"<>0") -> 10 | L43: =-_xlfn.MAXIFS('cons 2023 - 2025'!D44:AM44,'cons 2023 - 2025'!D44:AM44,"<>0") -> 1 | M43: =COUNTIF('cons 2023 - 2025'!D44:AM44,"<>0") -> 4 | N43: =-AVERAGE('cons 2023 - 2025'!D44:AM44) -> 0.55555556 | O43: =J43/M43 -> 5 | P43: =_xlfn.STDEV.S('cons 2023 - 2025'!D44:AM44) -> 1.9631526 | Q43: =-AVERAGE('cons 2023 - 2025'!D44:AM44)/'⚙ Assumptions'!$B$5 -> 0.025252525 | R43: =_xlfn.STDEV.S('cons 2023 - 2025'!D44:AM44)/SQRT('⚙ Assumptions'!$B$5) -> 0.41854555 | S43: =-IF(AVERAGE('cons 2023 - 2025'!D44:AM44)=0,"",_xlfn.STDEV.S('cons 2023 - 2025'!D44:AM44)/AVERAGE('cons 2023 - 2025'!D44:AM44)) -> 3.5336747 | T43: =IF(ISBLANK(S43),"Z", IF(S43<=0.25,"X", IF(S43<=0.5,"Y","Z"))) -> Z | U43: =IF(E43="B",0.95,IF(E43="C",0.9,0.98)) -> 0.9 | V43: =IF(E43="B",1.65,1.28) -> 1.28 | W43: =V43*R43*SQRT(G43) -> 4.6704582 | X43: =V43*P43*SQRT(H43) -> 3.9995415 | Y43: =Q43*G43+W43 -> 6.5896501 | Z43: =N43*H43+X43 -> 5.4069489 | AA43: =-AVERAGE('cons 2023 - 2025'!D44:AM44)*12 -> 6.6666667 | AB43: =I43*0.2 -> 29.3004 | AC43: =SQRT((2*AA43*'⚙ Assumptions'!$B$3)/AB43) -> 8.2618675 | AD43: =Z43 -> 5.4069489 | AE43: =Z43+AC43 -> 13.668816 | AF43: =AA43/AC43 -> 0.80692007
A44: 90250019 | B44: RONDELLE BASSE rep1268 | C44: PC | D44: =VLOOKUP(A44,'Lead Time'!$A$2:$C$1180,3,0) -> Mixed Source | E44: =VLOOKUP(A44,Classification!$A$2:$D$1180,4,0) -> C | F44: =VLOOKUP(A44,Classification!$A$2:$E$1180,5,0) -> M | G44: =VLOOKUP(A44,'Lead Time'!$A$2:$D$1180,4,0) -> 25.846154 | H44: =G44/30 -> 0.86153846 | I44: =VLOOKUP(A44,Classification!$A$2:$F$1180,6,0) -> 145.83 | J44: =-SUM('cons 2023 - 2025'!D45:AM45) -> 18 | K44: =-_xlfn.MINIFS('cons 2023 - 2025'!D45:AM45,'cons 2023 - 2025'!D45:AM45,"<>0") -> 3 | L44: =-_xlfn.MAXIFS('cons 2023 - 2025'!D45:AM45,'cons 2023 - 2025'!D45:AM45,"<>0") -> 3 | M44: =COUNTIF('cons 2023 - 2025'!D45:AM45,"<>0") -> 6 | N44: =-AVERAGE('cons 2023 - 2025'!D45:AM45) -> 0.5 | O44: =J44/M44 -> 3 | P44: =_xlfn.STDEV.S('cons 2023 - 2025'!D45:AM45) -> 1.1338934 | Q44: =-AVERAGE('cons 2023 - 2025'!D45:AM45)/'⚙ Assumptions'!$B$5 -> 0.022727273 | R44: =_xlfn.STDEV.S('cons 2023 - 2025'!D45:AM45)/SQRT('⚙ Assumptions'!$B$5) -> 0.24174689 | S44: =-IF(AVERAGE('cons 2023 - 2025'!D45:AM45)=0,"",_xlfn.STDEV.S('cons 2023 - 2025'!D45:AM45)/AVERAGE('cons 2023 - 2025'!D45:AM45)) -> 2.2677868 | T44: =IF(ISBLANK(S44),"Z", IF(S44<=0.25,"X", IF(S44<=0.5,"Y","Z"))) -> Z | U44: =IF(E44="B",0.95,IF(E44="C",0.9,0.98)) -> 0.9 | V44: =IF(E44="B",1.65,1.28) -> 1.28 | W44: =V44*R44*SQRT(G44) -> 1.5731453 | X44: =V44*P44*SQRT(H44) -> 1.3471611 | Y44: =Q44*G44+W44 -> 2.1605578 | Z44: =N44*H44+X44 -> 1.7779303 | AA44: =-AVERAGE('cons 2023 - 2025'!D45:AM45)*12 -> 6 | AB44: =I44*0.2 -> 29.166 | AC44: =SQRT((2*AA44*'⚙ Assumptions'!$B$3)/AB44) -> 7.8559338 | AD44: =Z44 -> 1.7779303 | AE44: =Z44+AC44 -> 9.6338642 | AF44: =AA44/AC44 -> 0.76375389
A45: 20010002 | B45: POUTRE IPN 100 6M | C45: PC | D45: =VLOOKUP(A45,'Lead Time'!$A$2:$C$1180,3,0) -> Local | E45: =VLOOKUP(A45,Classification!$A$2:$D$1180,4,0) -> C | F45: =VLOOKUP(A45,Classification!$A$2:$E$1180,5,0) -> M | G45: =VLOOKUP(A45,'Lead Time'!$A$2:$D$1180,4,0) -> 12.2 | H45: =G45/30 -> 0.40666667 | I45: =VLOOKUP(A45,Classification!$A$2:$F$1180,6,0) -> 144.537 | J45: =-SUM('cons 2023 - 2025'!D46:AM46) -> 9 | K45: =-_xlfn.MINIFS('cons 2023 - 2025'!D46:AM46,'cons 2023 - 2025'!D46:AM46,"<>0") -> 4 | L45: =-_xlfn.MAXIFS('cons 2023 - 2025'!D46:AM46,'cons 2023 - 2025'!D46:AM46,"<>0") -> 1 | M45: =COUNTIF('cons 2023 - 2025'!D46:AM46,"<>0") -> 5 | N45: =-AVERAGE('cons 2023 - 2025'!D46:AM46) -> 0.25 | O45: =J45/M45 -> 1.8 | P45: =_xlfn.STDEV.S('cons 2023 - 2025'!D46:AM46) -> 0.76997217 | Q45: =-AVERAGE('cons 2023 - 2025'!D46:AM46)/'⚙ Assumptions'!$B$5 -> 0.011363636 | R45: =_xlfn.STDEV.S('cons 2023 - 2025'!D46:AM46)/SQRT('⚙ Assumptions'!$B$5) -> 0.16415862 | S45: =-IF(AVERAGE('cons 2023 - 2025'!D46:AM46)=0,"",_xlfn.STDEV.S('cons 2023 - 2025'!D46:AM46)/AVERAGE('cons 2023 - 2025'!D46:AM46)) -> 3.0798887 | T45: =IF(ISBLANK(S45),"Z", IF(S45<=0.25,"X", IF(S45<=0.5,"Y","Z"))) -> Z | U45: =IF(E45="B",0.95,IF(E45="C",0.9,0.98)) -> 0.9 | V45: =IF(E45="B",1.65,1.28) -> 1.28 | W45: =V45*R45*SQRT(G45) -> 0.7339282 | X45: =V45*P45*SQRT(H45) -> 0.62849856 | Y45: =Q45*G45+W45 -> 0.87256456 | Z45: =N45*H45+X45 -> 0.73016523 | AA45: =-AVERAGE('cons 2023 - 2025'!D46:AM46)*12 -> 3 | AB45: =I45*0.2 -> 28.9074 | AC45: =SQRT((2*AA45*'⚙ Assumptions'!$B$3)/AB45) -> 5.5797757 | AD45: =Z45 -> 0.73016523 | AE45: =Z45+AC45 -> 6.3099409 | AF45: =AA45/AC45 -> 0.53765602
A46: 02030001 | B46: CEMI 42.5 SAC | C46: TO | E46: =VLOOKUP(A46,Classification!$A$2:$D$1180,4,0) -> C | F46: =VLOOKUP(A46,Classification!$A$2:$E$1180,5,0) -> H | G46: =VLOOKUP(A46,'Lead Time'!$A$2:$D$1180,4,0) -> 44 | H46: =G46/30 -> 1.4666667 | I46: =VLOOKUP(A46,Classification!$A$2:$F$1180,6,0) -> 144.188 | J46: =-SUM('cons 2023 - 2025'!D47:AM47) -> 1396613.8 | K46: =-_xlfn.MINIFS('cons 2023 - 2025'!D47:AM47,'cons 2023 - 2025'!D47:AM47,"<>0") -> 57132.45 | L46: =-_xlfn.MAXIFS('cons 2023 - 2025'!D47:AM47,'cons 2023 - 2025'!D47:AM47,"<>0") -> 21219.55 | M46: =COUNTIF('cons 2023 - 2025'!D47:AM47,"<>0") -> 36 | N46: =-AVERAGE('cons 2023 - 2025'!D47:AM47) -> 38794.828 | O46: =J46/M46 -> 38794.828 | P46: =_xlfn.STDEV.S('cons 2023 - 2025'!D47:AM47) -> 9256.5312 | Q46: =-AVERAGE('cons 2023 - 2025'!D47:AM47)/'⚙ Assumptions'!$B$5 -> 1763.4013 | R46: =_xlfn.STDEV.S('cons 2023 - 2025'!D47:AM47)/SQRT('⚙ Assumptions'!$B$5) -> 1973.4991 | S46: =-IF(AVERAGE('cons 2023 - 2025'!D47:AM47)=0,"",_xlfn.STDEV.S('cons 2023 - 2025'!D47:AM47)/AVERAGE('cons 2023 - 2025'!D47:AM47)) -> 0.2386022 | T46: =IF(ISBLANK(S46),"Z", IF(S46<=0.25,"X", IF(S46<=0.5,"Y","Z"))) -> X | U46: =IF(E46="B",0.95,IF(E46="C",0.9,0.98)) -> 0.9 | V46: =IF(E46="B",1.65,1.28) -> 1.28 | W46: =V46*R46*SQRT(G46) -> 16756.111 | X46: =V46*P46*SQRT(H46) -> 14349.077 | Y46: =Q46*G46+W46 -> 94345.767 | Z46: =N46*H46+X46 -> 71248.157 | AA46: =-AVERAGE('cons 2023 - 2025'!D47:AM47)*12 -> 465537.93 | AB46: =I46*0.2 -> 28.8376 | AC46: =SQRT((2*AA46*'⚙ Assumptions'!$B$3)/AB46) -> 2200.6887 | AD46: =Z46 -> 71248.157 | AE46: =Z46+AC46 -> 73448.846 | AF46: =AA46/AC46 -> 211.54193
A47: 39210008 | B47: JOINT TORIQUE VITON D164,77 | C47: PC | D47: =VLOOKUP(A47,'Lead Time'!$A$2:$C$1180,3,0) -> Import | E47: =VLOOKUP(A47,Classification!$A$2:$D$1180,4,0) -> C | F47: =VLOOKUP(A47,Classification!$A$2:$E$1180,5,0) -> L | G47: =VLOOKUP(A47,'Lead Time'!$A$2:$D$1180,4,0) -> 53 | H47: =G47/30 -> 1.7666667 | I47: =VLOOKUP(A47,Classification!$A$2:$F$1180,6,0) -> 143.767 | J47: =-SUM('cons 2023 - 2025'!D48:AM48) -> 6 | K47: =-_xlfn.MINIFS('cons 2023 - 2025'!D48:AM48,'cons 2023 - 2025'!D48:AM48,"<>0") -> 3 | L47: =-_xlfn.MAXIFS('cons 2023 - 2025'!D48:AM48,'cons 2023 - 2025'!D48:AM48,"<>0") -> 1 | M47: =COUNTIF('cons 2023 - 2025'!D48:AM48,"<>0") -> 4 | N47: =-AVERAGE('cons 2023 - 2025'!D48:AM48) -> 0.16666667 | O47: =J47/M47 -> 1.5 | P47: =_xlfn.STDEV.S('cons 2023 - 2025'!D48:AM48) -> 0.56061191 | Q47: =-AVERAGE('cons 2023 - 2025'!D48:AM48)/'⚙ Assumptions'!$B$5 -> 0.0075757576 | R47: =_xlfn.STDEV.S('cons 2023 - 2025'!D48:AM48)/SQRT('⚙ Assumptions'!$B$5) -> 0.11952286 | S47: =-IF(AVERAGE('cons 2023 - 2025'!D48:AM48)=0,"",_xlfn.STDEV.S('cons 2023 - 2025'!D48:AM48)/AVERAGE('cons 2023 - 2025'!D48:AM48)) -> 3.3636715 | T47: =IF(ISBLANK(S47),"Z", IF(S47<=0.25,"X", IF(S47<=0.5,"Y","Z"))) -> Z | U47: =IF(E47="B",0.95,IF(E47="C",0.9,0.98)) -> 0.9 | V47: =IF(E47="B",1.65,1.28) -> 1.28 | W47: =V47*R47*SQRT(G47) -> 1.1137786 | X47: =V47*P47*SQRT(H47) -> 0.95378304 | Y47: =Q47*G47+W47 -> 1.5152938 | Z47: =N47*H47+X47 -> 1.2482275 | AA47: =-AVERAGE('cons 2023 - 2025'!D48:AM48)*12 -> 2 | AB47: =I47*0.2 -> 28.7534 | AC47: =SQRT((2*AA47*'⚙ Assumptions'!$B$3)/AB47) -> 4.5680518 | AD47: =Z47 -> 1.2482275 | AE47: =Z47+AC47 -> 5.8162793 | AF47: =AA47/AC47 -> 0.4378234
A48: 72170015 | B48: GYROPHARE COMPLET 24V pour CLARK 7T | C48: PC | D48: =VLOOKUP(A48,'Lead Time'!$A$2:$C$1180,3,0) -> Local | E48: =VLOOKUP(A48,Classification!$A$2:$D$1180,4,0) -> C | F48: =VLOOKUP(A48,Classification!$A$2:$E$1180,5,0) -> L | G48: =VLOOKUP(A48,'Lead Time'!$A$2:$D$1180,4,0) -> 9.5 | H48: =G48/30 -> 0.31666667 | I48: =VLOOKUP(A48,Classification!$A$2:$F$1180,6,0) -> 143.444 | J48: =-SUM('cons 2023 - 2025'!D49:AM49) -> 7 | K48: =-_xlfn.MINIFS('cons 2023 - 2025'!D49:AM49,'cons 2023 - 2025'!D49:AM49,"<>0") -> 4 | L48: =-_xlfn.MAXIFS('cons 2023 - 2025'!D49:AM49,'cons 2023 - 2025'!D49:AM49,"<>0") -> 1 | M48: =COUNTIF('cons 2023 - 2025'!D49:AM49,"<>0") -> 3 | N48: =-AVERAGE('cons 2023 - 2025'!D49:AM49) -> 0.19444444 | O48: =J48/M48 -> 2.3333333 | P48: =_xlfn.STDEV.S('cons 2023 - 2025'!D49:AM49) -> 0.7490735 | Q48: =-AVERAGE('cons 2023 - 2025'!D49:AM49)/'⚙ Assumptions'!$B$5 -> 0.0088383838 | R48: =_xlfn.STDEV.S('cons 2023 - 2025'!D49:AM49)/SQRT('⚙ Assumptions'!$B$5) -> 0.15970301 | S48: =-IF(AVERAGE('cons 2023 - 2025'!D49:AM49)=0,"",_xlfn.STDEV.S('cons 2023 - 2025'!D49:AM49)/AVERAGE('cons 2023 - 2025'!D49:AM49)) -> 3.852378 | T48: =IF(ISBLANK(S48),"Z", IF(S48<=0.25,"X", IF(S48<=0.5,"Y","Z"))) -> Z | U48: =IF(E48="B",0.95,IF(E48="C",0.9,0.98)) -> 0.9 | V48: =IF(E48="B",1.65,1.28) -> 1.28 | W48: =V48*R48*SQRT(G48) -> 0.63006429 | X48: =V48*P48*SQRT(H48) -> 0.53955482 | Y48: =Q48*G48+W48 -> 0.71402894 | Z48: =N48*H48+X48 -> 0.6011289 | AA48: =-AVERAGE('cons 2023 - 2025'!D49:AM49)*12 -> 2.3333333 | AB48: =I48*0.2 -> 28.6888 | AC48: =SQRT((2*AA48*'⚙ Assumptions'!$B$3)/AB48) -> 4.9396119 | AD48: =Z48 -> 0.6011289 | AE48: =Z48+AC48 -> 5.5407408 | AF48: =AA48/AC48 -> 0.47237179
A49: 91300015 | B49: AXE COMMANDE AIGUILLEUR SAC | C49: PC | D49: =VLOOKUP(A49,'Lead Time'!$A$2:$C$1180,3,0) -> Local | E49: =VLOOKUP(A49,Classification!$A$2:$D$1180,4,0) -> C | F49: =VLOOKUP(A49,Classification!$A$2:$E$1180,5,0) -> L | G49: =VLOOKUP(A49,'Lead Time'!$A$2:$D$1180,4,0) -> 38.4 | H49: =G49/30 -> 1.28 | I49: =VLOOKUP(A49,Classification!$A$2:$F$1180,6,0) -> 143.42 | J49: =-SUM('cons 2023 - 2025'!D50:AM50) -> 6 | K49: =-_xlfn.MINIFS('cons 2023 - 2025'!D50:AM50,'cons 2023 - 2025'!D50:AM50,"<>0") -> 1 | L49: =-_xlfn.MAXIFS('cons 2023 - 2025'!D50:AM50,'cons 2023 - 2025'!D50:AM50,"<>0") -> 1 | M49: =COUNTIF('cons 2023 - 2025'!D50:AM50,"<>0") -> 6 | N49: =-AVERAGE('cons 2023 - 2025'!D50:AM50) -> 0.16666667 | O49: =J49/M49 -> 1 | P49: =_xlfn.STDEV.S('cons 2023 - 2025'!D50:AM50) -> 0.37796447 | Q49: =-AVERAGE('cons 2023 - 2025'!D50:AM50)/'⚙ Assumptions'!$B$5 -> 0.0075757576 | R49: =_xlfn.STDEV.S('cons 2023 - 2025'!D50:AM50)/SQRT('⚙ Assumptions'!$B$5) -> 0.080582296 | S49: =-IF(AVERAGE('cons 2023 - 2025'!D50:AM50)=0,"",_xlfn.STDEV.S('cons 2023 - 2025'!D50:AM50)/AVERAGE('cons 2023 - 2025'!D50:AM50)) -> 2.2677868 | T49: =IF(ISBLANK(S49),"Z", IF(S49<=0.25,"X", IF(S49<=0.5,"Y","Z"))) -> Z | U49: =IF(E49="B",0.95,IF(E49="C",0.9,0.98)) -> 0.9 | V49: =IF(E49="B",1.65,1.28) -> 1.28 | W49: =V49*R49*SQRT(G49) -> 0.63916829 | X49: =V49*P49*SQRT(H49) -> 0.54735102 | Y49: =Q49*G49+W49 -> 0.93007738 | Z49: =N49*H49+X49 -> 0.76068436 | AA49: =-AVERAGE('cons 2023 - 2025'!D50:AM50)*12 -> 2 | AB49: =I49*0.2 -> 28.684 | AC49: =SQRT((2*AA49*'⚙ Assumptions'!$B$3)/AB49) -> 4.5735746 | AD49: =Z49 -> 0.76068436 | AE49: =Z49+AC49 -> 5.334259 | AF49: =AA49/AC49 -> 0.43729471
A50: 53130130 | B50: CONTACTEUR TRIPOLAIRE LC1D09BD. 24VCC | C50: PC | D50: =VLOOKUP(A50,'Lead Time'!$A$2:$C$1180,3,0) -> Local | E50: =VLOOKUP(A50,Classification!$A$2:$D$1180,4,0) -> C | F50: =VLOOKUP(A50,Classification!$A$2:$E$1180,5,0) -> L | G50: =VLOOKUP(A50,'Lead Time'!$A$2:$D$1180,4,0) -> 43.666667 | H50: =G50/30 -> 1.4555556 | I50: =VLOOKUP(A50,Classification!$A$2:$F$1180,6,0) -> 141.333 | J50: =-SUM('cons 2023 - 2025'!D51:AM51) -> 11 | K50: =-_xlfn.MINIFS('cons 2023 - 2025'!D51:AM51,'cons 2023 - 2025'!D51:AM51,"<>0") -> 2 | L50: =-_xlfn.MAXIFS('cons 2023 - 2025'!D51:AM51,'cons 2023 - 2025'!D51:AM51,"<>0") -> 1 | M50: =COUNTIF('cons 2023 - 2025'!D51:AM51,"<>0") -> 8 | N50: =-AVERAGE('cons 2023 - 2025'!D51:AM51) -> 0.30555556 | O50: =J50/M50 -> 1.375 | P50: =_xlfn.STDEV.S('cons 2023 - 2025'!D51:AM51) -> 0.62424558 | Q50: =-AVERAGE('cons 2023 - 2025'!D51:AM51)/'⚙ Assumptions'!$B$5 -> 0.013888889 | R50: =_xlfn.STDEV.S('cons 2023 - 2025'!D51:AM51)/SQRT('⚙ Assumptions'!$B$5) -> 0.1330896 | S50: =-IF(AVERAGE('cons 2023 - 2025'!D51:AM51)=0,"",_xlfn.STDEV.S('cons 2023 - 2025'!D51:AM51)/AVERAGE('cons 2023 - 2025'!D51:AM51)) -> 2.0429855 | T50: =IF(ISBLANK(S50),"Z", IF(S50<=0.25,"X", IF(S50<=0.5,"Y","Z"))) -> Z | U50: =IF(E50="B",0.95,IF(E50="C",0.9,0.98)) -> 0.9 | V50: =IF(E50="B",1.65,1.28) -> 1.28 | W50: =V50*R50*SQRT(G50) -> 1.1257167 | X50: =V50*P50*SQRT(H50) -> 0.96400622 | Y50: =Q50*G50+W50 -> 1.7321982 | Z50: =N50*H50+X50 -> 1.4087593 | AA50: =-AVERAGE('cons 2023 - 2025'!D51:AM51)*12 -> 3.6666667 | AB50: =I50*0.2 -> 28.2666 | AC50: =SQRT((2*AA50*'⚙ Assumptions'!$B$3)/AB50) -> 6.2382038 | AD50: =Z50 -> 1.4087593 | AE50: =Z50+AC50 -> 7.6469631 | AF50: =AA50/AC50 -> 0.58777603
A51: 71240012 | B51: Rouleaux retour Ø89/133x950 A2 axe Ø25 | C51: PC | D51: =VLOOKUP(A51,'Lead Time'!$A$2:$C$1180,3,0) -> Local | E51: =VLOOKUP(A51,Classification!$A$2:$D$1180,4,0) -> C | F51: =VLOOKUP(A51,Classification!$A$2:$E$1180,5,0) -> L | G51: =VLOOKUP(A51,'Lead Time'!$A$2:$D$1180,4,0) -> 126 | H51: =G51/30 -> 4.2 | I51: =VLOOKUP(A51,Classification!$A$2:$F$1180,6,0) -> 140.65 | J51: =-SUM('cons 2023 - 2025'!D52:AM52) -> 1 | K51: =-_xlfn.MINIFS('cons 2023 - 2025'!D52:AM52,'cons 2023 - 2025'!D52:AM52,"<>0") -> 1 | L51: =-_xlfn.MAXIFS('cons 2023 - 2025'!D52:AM52,'cons 2023 - 2025'!D52:AM52,"<>0") -> 1 | M51: =COUNTIF('cons 2023 - 2025'!D52:AM52,"<>0") -> 1 | N51: =-AVERAGE('cons 2023 - 2025'!D52:AM52) -> 0.027777778 | O51: =J51/M51 -> 1 | P51: =_xlfn.STDEV.S('cons 2023 - 2025'!D52:AM52) -> 0.16666667 | Q51: =-AVERAGE('cons 2023 - 2025'!D52:AM52)/'⚙ Assumptions'!$B$5 -> 0.0012626263 | R51: =_xlfn.STDEV.S('cons 2023 - 2025'!D52:AM52)/SQRT('⚙ Assumptions'!$B$5) -> 0.035533453 | S51: =-IF(AVERAGE('cons 2023 - 2025'!D52:AM52)=0,"",_xlfn.STDEV.S('cons 2023 - 2025'!D52:AM52)/AVERAGE('cons 2023 - 2025'!D52:AM52)) -> 6 | T51: =IF(ISBLANK(S51),"Z", IF(S51<=0.25,"X", IF(S51<=0.5,"Y","Z"))) -> Z | U51: =IF(E51="B",0.95,IF(E51="C",0.9,0.98)) -> 0.9 | V51: =IF(E51="B",1.65,1.28) -> 1.28 | W51: =V51*R51*SQRT(G51) -> 0.51054338 | X51: =V51*P51*SQRT(H51) -> 0.43720323 | Y51: =Q51*G51+W51 -> 0.66963429 | Z51: =N51*H51+X51 -> 0.5538699 | AA51: =-AVERAGE('cons 2023 - 2025'!D52:AM52)*12 -> 0.33333333 | AB51: =I51*0.2 -> 28.13 | AC51: =SQRT((2*AA51*'⚙ Assumptions'!$B$3)/AB51) -> 1.8854505 | AD51: =Z51 -> 0.5538699 | AE51: =Z51+AC51 -> 2.4393204 | AF51: =AA51/AC51 -> 0.17679241
A52: 65200148 | B52: Palier COMPLET SYJ 40 TF ..(SYJ508 )SKF | C52: PC | D52: =VLOOKUP(A52,'Lead Time'!$A$2:$C$1180,3,0) -> Local | E52: =VLOOKUP(A52,Classification!$A$2:$D$1180,4,0) -> C | F52: =VLOOKUP(A52,Classification!$A$2:$E$1180,5,0) -> M | G52: =VLOOKUP(A52,'Lead Time'!$A$2:$D$1180,4,0) -> 34.2 | H52: =G52/30 -> 1.14 | I52: =VLOOKUP(A52,Classification!$A$2:$F$1180,6,0) -> 140.089 | J52: =-SUM('cons 2023 - 2025'!D53:AM53) -> 11 | K52: =-_xlfn.MINIFS('cons 2023 - 2025'!D53:AM53,'cons 2023 - 2025'!D53:AM53,"<>0") -> 4 | L52: =-_xlfn.MAXIFS('cons 2023 - 2025'!D53:AM53,'cons 2023 - 2025'!D53:AM53,"<>0") -> 2 | M52: =COUNTIF('cons 2023 - 2025'!D53:AM53,"<>0") -> 4 | N52: =-AVERAGE('cons 2023 - 2025'!D53:AM53) -> 0.30555556 | O52: =J52/M52 -> 2.75 | P52: =_xlfn.STDEV.S('cons 2023 - 2025'!D53:AM53) -> 0.92023116 | Q52: =-AVERAGE('cons 2023 - 2025'!D53:AM53)/'⚙ Assumptions'!$B$5 -> 0.013888889 | R52: =_xlfn.STDEV.S('cons 2023 - 2025'!D53:AM53)/SQRT('⚙ Assumptions'!$B$5) -> 0.19619394 | S52: =-IF(AVERAGE('cons 2023 - 2025'!D53:AM53)=0,"",_xlfn.STDEV.S('cons 2023 - 2025'!D53:AM53)/AVERAGE('cons 2023 - 2025'!D53:AM53)) -> 3.0116656 | T52: =IF(ISBLANK(S52),"Z", IF(S52<=0.25,"X", IF(S52<=0.5,"Y","Z"))) -> Z | U52: =IF(E52="B",0.95,IF(E52="C",0.9,0.98)) -> 0.9 | V52: =IF(E52="B",1.65,1.28) -> 1.28 | W52: =V52*R52*SQRT(G52) -> 1.4686172 | X52: =V52*P52*SQRT(H52) -> 1.2576487 | Y52: =Q52*G52+W52 -> 1.9436172 | Z52: =N52*H52+X52 -> 1.605982 | AA52: =-AVERAGE('cons 2023 - 2025'!D53:AM53)*12 -> 3.6666667 | AB52: =I52*0.2 -> 28.0178 | AC52: =SQRT((2*AA52*'⚙ Assumptions'!$B$3)/AB52) -> 6.2658404 | AD52: =Z52 -> 1.605982 | AE52: =Z52+AC52 -> 7.8718224 | AF52: =AA52/AC52 -> 0.58518354
A53: 43200016 | B53: BAGUETTE INOX DIAM 2,5mm 24/12 | C53: PAQ | D53: =VLOOKUP(A53,'Lead Time'!$A$2:$C$1180,3,0) -> Local | E53: =VLOOKUP(A53,Classification!$A$2:$D$1180,4,0) -> C | F53: =VLOOKUP(A53,Classification!$A$2:$E$1180,5,0) -> M | G53: =VLOOKUP(A53,'Lead Time'!$A$2:$D$1180,4,0) -> 14.625 | H53: =G53/30 -> 0.4875 | I53: =VLOOKUP(A53,Classification!$A$2:$F$1180,6,0) -> 139.991 | J53: =-SUM('cons 2023 - 2025'!D54:AM54) -> 81 | K53: =-_xlfn.MINIFS('cons 2023 - 2025'!D54:AM54,'cons 2023 - 2025'!D54:AM54,"<>0") -> 30 | L53: =-_xlfn.MAXIFS('cons 2023 - 2025'!D54:AM54,'cons 2023 - 2025'!D54:AM54,"<>0") -> 1 | M53: =COUNTIF('cons 2023 - 2025'!D54:AM54,"<>0") -> 7 | N53: =-AVERAGE('cons 2023 - 2025'!D54:AM54) -> 2.25 | O53: =J53/M53 -> 11.571429 | P53: =_xlfn.STDEV.S('cons 2023 - 2025'!D54:AM54) -> 7.1168813 | Q53: =-AVERAGE('cons 2023 - 2025'!D54:AM54)/'⚙ Assumptions'!$B$5 -> 0.10227273 | R53: =_xlfn.STDEV.S('cons 2023 - 2025'!D54:AM54)/SQRT('⚙ Assumptions'!$B$5) -> 1.5173242 | S53: =-IF(AVERAGE('cons 2023 - 2025'!D54:AM54)=0,"",_xlfn.STDEV.S('cons 2023 - 2025'!D54:AM54)/AVERAGE('cons 2023 - 2025'!D54:AM54)) -> 3.1630584 | T53: =IF(ISBLANK(S53),"Z", IF(S53<=0.25,"X", IF(S53<=0.5,"Y","Z"))) -> Z | U53: =IF(E53="B",0.95,IF(E53="C",0.9,0.98)) -> 0.9 | V53: =IF(E53="B",1.65,1.28) -> 1.28 | W53: =V53*R53*SQRT(G53) -> 7.4273911 | X53: =V53*P53*SQRT(H53) -> 6.3604377 | Y53: =Q53*G53+W53 -> 8.9231297 | Z53: =N53*H53+X53 -> 7.4573127 | AA53: =-AVERAGE('cons 2023 - 2025'!D54:AM54)*12 -> 27 | AB53: =I53*0.2 -> 27.9982 | AC53: =SQRT((2*AA53*'⚙ Assumptions'!$B$3)/AB53) -> 17.008948 | AD53: =Z53 -> 7.4573127 | AE53: =Z53+AC53 -> 24.466261 | AF53: =AA53/AC53 -> 1.5873998
A54: 60570003 | B54: DETECT. ROXIMITÉ IND. XS1 18BLPAM12 SCHN | C54: PC | D54: =VLOOKUP(A54,'Lead Time'!$A$2:$C$1180,3,0) -> Local | E54: =VLOOKUP(A54,Classification!$A$2:$D$1180,4,0) -> C | F54: =VLOOKUP(A54,Classification!$A$2:$E$1180,5,0) -> L | G54: =VLOOKUP(A54,'Lead Time'!$A$2:$D$1180,4,0) -> 121.66667 | H54: =G54/30 -> 4.0555556 | I54: =VLOOKUP(A54,Classification!$A$2:$F$1180,6,0) -> 139.4 | J54: =-SUM('cons 2023 - 2025'!D55:AM55) -> 1 | K54: =-_xlfn.MINIFS('cons 2023 - 2025'!D55:AM55,'cons 2023 - 2025'!D55:AM55,"<>0") -> 1 | L54: =-_xlfn.MAXIFS('cons 2023 - 2025'!D55:AM55,'cons 2023 - 2025'!D55:AM55,"<>0") -> 1 | M54: =COUNTIF('cons 2023 - 2025'!D55:AM55,"<>0") -> 1 | N54: =-AVERAGE('cons 2023 - 2025'!D55:AM55) -> 0.027777778 | O54: =J54/M54 -> 1 | P54: =_xlfn.STDEV.S('cons 2023 - 2025'!D55:AM55) -> 0.16666667 | Q54: =-AVERAGE('cons 2023 - 2025'!D55:AM55)/'⚙ Assumptions'!$B$5 -> 0.0012626263 | R54: =_xlfn.STDEV.S('cons 2023 - 2025'!D55:AM55)/SQRT('⚙ Assumptions'!$B$5) -> 0.035533453 | S54: =-IF(AVERAGE('cons 2023 - 2025'!D55:AM55)=0,"",_xlfn.STDEV.S('cons 2023 - 2025'!D55:AM55)/AVERAGE('cons 2023 - 2025'!D55:AM55)) -> 6 | T54: =IF(ISBLANK(S54),"Z", IF(S54<=0.25,"X", IF(S54<=0.5,"Y","Z"))) -> Z | U54: =IF(E54="B",0.95,IF(E54="C",0.9,0.98)) -> 0.9 | V54: =IF(E54="B",1.65,1.28) -> 1.28 | W54: =V54*R54*SQRT(G54) -> 0.50168739 | X54: =V54*P54*SQRT(H54) -> 0.42961941 | Y54: =Q54*G54+W54 -> 0.65530692 | Z54: =N54*H54+X54 -> 0.54227373 | AA54: =-AVERAGE('cons 2023 - 2025'!D55:AM55)*12 -> 0.33333333 | AB54: =I54*0.2 -> 27.88 | AC54: =SQRT((2*AA54*'⚙ Assumptions'!$B$3)/AB54) -> 1.893885 | AD54: =Z54 -> 0.54227373 | AE54: =Z54+AC54 -> 2.4361588 | AF54: =AA54/AC54 -> 0.17600505
A55: 37230003 | B55: G_ind 92 /KLUBER:Graflscon C-SG 0 ultra | C55: KG | D55: =VLOOKUP(A55,'Lead Time'!$A$2:$C$1180,3,0) -> Local | E55: =VLOOKUP(A55,Classification!$A$2:$D$1180,4,0) -> C | F55: =VLOOKUP(A55,Classification!$A$2:$E$1180,5,0) -> L | G55: =VLOOKUP(A55,'Lead Time'!$A$2:$D$1180,4,0) -> 32 | H55: =G55/30 -> 1.0666667 | I55: =VLOOKUP(A55,Classification!$A$2:$F$1180,6,0) -> 139.15 | J55: =-SUM('cons 2023 - 2025'!D56:AM56) -> 25 | K55: =-_xlfn.MINIFS('cons 2023 - 2025'!D56:AM56,'cons 2023 - 2025'!D56:AM56,"<>0") -> 25 | L55: =-_xlfn.MAXIFS('cons 2023 - 2025'!D56:AM56,'cons 2023 - 2025'!D56:AM56,"<>0") -> 25 | M55: =COUNTIF('cons 2023 - 2025'!D56:AM56,"<>0") -> 1 | N55: =-AVERAGE('cons 2023 - 2025'!D56:AM56) -> 0.69444444 | O55: =J55/M55 -> 25 | P55: =_xlfn.STDEV.S('cons 2023 - 2025'!D56:AM56) -> 4.1666667 | Q55: =-AVERAGE('cons 2023 - 2025'!D56:AM56)/'⚙ Assumptions'!$B$5 -> 0.031565657 | R55: =_xlfn.STDEV.S('cons 2023 - 2025'!D56:AM56)/SQRT('⚙ Assumptions'!$B$5) -> 0.88833632 | S55: =-IF(AVERAGE('cons 2023 - 2025'!D56:AM56)=0,"",_xlfn.STDEV.S('cons 2023 - 2025'!D56:AM56)/AVERAGE('cons 2023 - 2025'!D56:AM56)) -> 6 | T55: =IF(ISBLANK(S55),"Z", IF(S55<=0.25,"X", IF(S55<=0.5,"Y","Z"))) -> Z | U55: =IF(E55="B",0.95,IF(E55="C",0.9,0.98)) -> 0.9 | V55: =IF(E55="B",1.65,1.28) -> 1.28 | W55: =V55*R55*SQRT(G55) -> 6.432242 | X55: =V55*P55*SQRT(H55) -> 5.508243 | Y55: =Q55*G55+W55 -> 7.442343 | Z55: =N55*H55+X55 -> 6.2489837 | AA55: =-AVERAGE('cons 2023 - 2025'!D56:AM56)*12 -> 8.3333333 | AB55: =I55*0.2 -> 27.83 | AC55: =SQRT((2*AA55*'⚙ Assumptions'!$B$3)/AB55) -> 9.4779279 | AD55: =Z55 -> 6.2489837 | AE55: =Z55+AC55 -> 15.726912 | AF55: =AA55/AC55 -> 0.87923578
A56: 90250020 | B56: RONDELLE EN BRONZE rep1257 | C56: PC | D56: =VLOOKUP(A56,'Lead Time'!$A$2:$C$1180,3,0) -> Local | E56: =VLOOKUP(A56,Classification!$A$2:$D$1180,4,0) -> C | F56: =VLOOKUP(A56,Classification!$A$2:$E$1180,5,0) -> M | G56: =VLOOKUP(A56,'Lead Time'!$A$2:$D$1180,4,0) -> 9.9285714 | H56: =G56/30 -> 0.33095238 | I56: =VLOOKUP(A56,Classification!$A$2:$F$1180,6,0) -> 138.736 | J56: =-SUM('cons 2023 - 2025'!D57:AM57) -> 21 | K56: =-_xlfn.MINIFS('cons 2023 - 2025'!D57:AM57,'cons 2023 - 2025'!D57:AM57,"<>0") -> 3 | L56: =-_xlfn.MAXIFS('cons 2023 - 2025'!D57:AM57,'cons 2023 - 2025'!D57:AM57,"<>0") -> 1 | M56: =COUNTIF('cons 2023 - 2025'!D57:AM57,"<>0") -> 8 | N56: =-AVERAGE('cons 2023 - 2025'!D57:AM57) -> 0.58333333 | O56: =J56/M56 -> 2.625 | P56: =_xlfn.STDEV.S('cons 2023 - 2025'!D57:AM57) -> 1.1557311 | Q56: =-AVERAGE('cons 2023 - 2025'!D57:AM57)/'⚙ Assumptions'!$B$5 -> 0.026515152 | R56: =_xlfn.STDEV.S('cons 2023 - 2025'!D57:AM57)/SQRT('⚙ Assumptions'!$B$5) -> 0.24640269 | S56: =-IF(AVERAGE('cons 2023 - 2025'!D57:AM57)=0,"",_xlfn.STDEV.S('cons 2023 - 2025'!D57:AM57)/AVERAGE('cons 2023 - 2025'!D57:AM57)) -> 1.9812532 | T56: =IF(ISBLANK(S56),"Z", IF(S56<=0.25,"X", IF(S56<=0.5,"Y","Z"))) -> Z | U56: =IF(E56="B",0.95,IF(E56="C",0.9,0.98)) -> 0.9 | V56: =IF(E56="B",1.65,1.28) -> 1.28 | W56: =V56*R56*SQRT(G56) -> 0.99379955 | X56: =V56*P56*SQRT(H56) -> 0.85103909 | Y56: =Q56*G56+W56 -> 1.2570571 | Z56: =N56*H56+X56 -> 1.0440946 | AA56: =-AVERAGE('cons 2023 - 2025'!D57:AM57)*12 -> 7 | AB56: =I56*0.2 -> 27.7472 | AC56: =SQRT((2*AA56*'⚙ Assumptions'!$B$3)/AB56) -> 8.6996156 | AD56: =Z56 -> 1.0440946 | AE56: =Z56+AC56 -> 9.7437103 | AF56: =AA56/AC56 -> 0.80463325
A57: 90270031 | B57: Rondelle avec joint torique pour piston | C57: PC | D57: =VLOOKUP(A57,'Lead Time'!$A$2:$C$1180,3,0) -> Import | E57: =VLOOKUP(A57,Classification!$A$2:$D$1180,4,0) -> C | F57: =VLOOKUP(A57,Classification!$A$2:$E$1180,5,0) -> L | G57: =VLOOKUP(A57,'Lead Time'!$A$2:$D$1180,4,0) -> 160 | H57: =G57/30 -> 5.3333333 | I57: =VLOOKUP(A57,Classification!$A$2:$F$1180,6,0) -> 138.684 | J57: =-SUM('cons 2023 - 2025'!D58:AM58) -> 2 | K57: =-_xlfn.MINIFS('cons 2023 - 2025'!D58:AM58,'cons 2023 - 2025'!D58:AM58,"<>0") -> 2 | L57: =-_xlfn.MAXIFS('cons 2023 - 2025'!D58:AM58,'cons 2023 - 2025'!D58:AM58,"<>0") -> 2 | M57: =COUNTIF('cons 2023 - 2025'!D58:AM58,"<>0") -> 1 | N57: =-AVERAGE('cons 2023 - 2025'!D58:AM58) -> 0.055555556 | O57: =J57/M57 -> 2 | P57: =_xlfn.STDEV.S('cons 2023 - 2025'!D58:AM58) -> 0.33333333 | Q57: =-AVERAGE('cons 2023 - 2025'!D58:AM58)/'⚙ Assumptions'!$B$5 -> 0.0025252525 | R57: =_xlfn.STDEV.S('cons 2023 - 2025'!D58:AM58)/SQRT('⚙ Assumptions'!$B$5) -> 0.071066905 | S57: =-IF(AVERAGE('cons 2023 - 2025'!D58:AM58)=0,"",_xlfn.STDEV.S('cons 2023 - 2025'!D58:AM58)/AVERAGE('cons 2023 - 2025'!D58:AM58)) -> 6 | T57: =IF(ISBLANK(S57),"Z", IF(S57<=0.25,"X", IF(S57<=0.5,"Y","Z"))) -> Z | U57: =IF(E57="B",0.95,IF(E57="C",0.9,0.98)) -> 0.9 | V57: =IF(E57="B",1.65,1.28) -> 1.28 | W57: =V57*R57*SQRT(G57) -> 1.1506344 | X57: =V57*P57*SQRT(H57) -> 0.98534446 | Y57: =Q57*G57+W57 -> 1.5546748 | Z57: =N57*H57+X57 -> 1.2816408 | AA57: =-AVERAGE('cons 2023 - 2025'!D58:AM58)*12 -> 0.66666667 | AB57: =I57*0.2 -> 27.7368 | AC57: =SQRT((2*AA57*'⚙ Assumptions'!$B$3)/AB57) -> 2.685263 | AD57: =Z57 -> 1.2816408 | AE57: =Z57+AC57 -> 3.9669037 | AF57: =AA57/AC57 -> 0.24826867
A58: 65210095 | B58: Joint TSN 532L | C58: PC | D58: =VLOOKUP(A58,'Lead Time'!$A$2:$C$1180,3,0) -> Local | E58: =VLOOKUP(A58,Classification!$A$2:$D$1180,4,0) -> C | F58: =VLOOKUP(A58,Classification!$A$2:$E$1180,5,0) -> L | G58: =VLOOKUP(A58,'Lead Time'!$A$2:$D$1180,4,0) -> 18.666667 | H58: =G58/30 -> 0.62222222 | I58: =VLOOKUP(A58,Classification!$A$2:$F$1180,6,0) -> 138.564 | J58: =-SUM('cons 2023 - 2025'!D59:AM59) -> 2 | K58: =-_xlfn.MINIFS('cons 2023 - 2025'!D59:AM59,'cons 2023 - 2025'!D59:AM59,"<>0") -> 2 | L58: =-_xlfn.MAXIFS('cons 2023 - 2025'!D59:AM59,'cons 2023 - 2025'!D59:AM59,"<>0") -> 2 | M58: =COUNTIF('cons 2023 - 2025'!D59:AM59,"<>0") -> 1 | N58: =-AVERAGE('cons 2023 - 2025'!D59:AM59) -> 0.055555556 | O58: =J58/M58 -> 2 | P58: =_xlfn.STDEV.S('cons 2023 - 2025'!D59:AM59) -> 0.33333333 | Q58: =-AVERAGE('cons 2023 - 2025'!D59:AM59)/'⚙ Assumptions'!$B$5 -> 0.0025252525 | R58: =_xlfn.STDEV.S('cons 2023 - 2025'!D59:AM59)/SQRT('⚙ Assumptions'!$B$5) -> 0.071066905 | S58: =-IF(AVERAGE('cons 2023 - 2025'!D59:AM59)=0,"",_xlfn.STDEV.S('cons 2023 - 2025'!D59:AM59)/AVERAGE('cons 2023 - 2025'!D59:AM59)) -> 6 | T58: =IF(ISBLANK(S58),"Z", IF(S58<=0.25,"X", IF(S58<=0.5,"Y","Z"))) -> Z | U58: =IF(E58="B",0.95,IF(E58="C",0.9,0.98)) -> 0.9 | V58: =IF(E58="B",1.65,1.28) -> 1.28 | W58: =V58*R58*SQRT(G58) -> 0.39301648 | X58: =V58*P58*SQRT(H58) -> 0.33655921 | Y58: =Q58*G58+W58 -> 0.44015453 | Z58: =N58*H58+X58 -> 0.37112711 | AA58: =-AVERAGE('cons 2023 - 2025'!D59:AM59)*12 -> 0.66666667 | AB58: =I58*0.2 -> 27.7128 | AC58: =SQRT((2*AA58*'⚙ Assumptions'!$B$3)/AB58) -> 2.6864255 | AD58: =Z58 -> 0.37112711 | AE58: =Z58+AC58 -> 3.0575526 | AF58: =AA58/AC58 -> 0.24816124
A59: 89010051 | B59: FILTRE BLP 162 S 10 W 2X (ITEM K13.01.02 | C59: PC | E59: =VLOOKUP(A59,Classification!$A$2:$D$1180,4,0) -> C | F59: =VLOOKUP(A59,Classification!$A$2:$E$1180,5,0) -> L | G59: =VLOOKUP(A59,'Lead Time'!$A$2:$D$1180,4,0) -> 44 | H59: =G59/30 -> 1.4666667 | I59: =VLOOKUP(A59,Classification!$A$2:$F$1180,6,0) -> 138.232 | J59: =-SUM('cons 2023 - 2025'!D60:AM60) -> 1 | K59: =-_xlfn.MINIFS('cons 2023 - 2025'!D60:AM60,'cons 2023 - 2025'!D60:AM60,"<>0") -> 1 | L59: =-_xlfn.MAXIFS('cons 2023 - 2025'!D60:AM60,'cons 2023 - 2025'!D60:AM60,"<>0") -> 1 | M59: =COUNTIF('cons 2023 - 2025'!D60:AM60,"<>0") -> 1 | N59: =-AVERAGE('cons 2023 - 2025'!D60:AM60) -> 0.027777778 | O59: =J59/M59 -> 1 | P59: =_xlfn.STDEV.S('cons 2023 - 2025'!D60:AM60) -> 0.16666667 | Q59: =-AVERAGE('cons 2023 - 2025'!D60:AM60)/'⚙ Assumptions'!$B$5 -> 0.0012626263 | R59: =_xlfn.STDEV.S('cons 2023 - 2025'!D60:AM60)/SQRT('⚙ Assumptions'!$B$5) -> 0.035533453 | S59: =-IF(AVERAGE('cons 2023 - 2025'!D60:AM60)=0,"",_xlfn.STDEV.S('cons 2023 - 2025'!D60:AM60)/AVERAGE('cons 2023 - 2025'!D60:AM60)) -> 6 | T59: =IF(ISBLANK(S59),"Z", IF(S59<=0.25,"X", IF(S59<=0.5,"Y","Z"))) -> Z | U59: =IF(E59="B",0.95,IF(E59="C",0.9,0.98)) -> 0.9 | V59: =IF(E59="B",1.65,1.28) -> 1.28 | W59: =V59*R59*SQRT(G59) -> 0.30169889 | X59: =V59*P59*SQRT(H59) -> 0.2583595 | Y59: =Q59*G59+W59 -> 0.35725445 | Z59: =N59*H59+X59 -> 0.29910024 | AA59: =-AVERAGE('cons 2023 - 2025'!D60:AM60)*12 -> 0.33333333 | AB59: =I59*0.2 -> 27.6464 | AC59: =SQRT((2*AA59*'⚙ Assumptions'!$B$3)/AB59) -> 1.9018695 | AD59: =Z59 -> 0.29910024 | AE59: =Z59+AC59 -> 2.2009697 | AF59: =AA59/AC59 -> 0.17526615
A60: 30100007 | B60: TIGE FILETE M48 CL 8.8 | C60: M | D60: =VLOOKUP(A60,'Lead Time'!$A$2:$C$1180,3,0) -> Local | E60: =VLOOKUP(A60,Classification!$A$2:$D$1180,4,0) -> C | F60: =VLOOKUP(A60,Classification!$A$2:$E$1180,5,0) -> L | G60: =VLOOKUP(A60,'Lead Time'!$A$2:$D$1180,4,0) -> 25 | H60: =G60/30 -> 0.83333333 | I60: =VLOOKUP(A60,Classification!$A$2:$F$1180,6,0) -> 137.917 | J60: =-SUM('cons 2023 - 2025'!D61:AM61) -> 2 | K60: =-_xlfn.MINIFS('cons 2023 - 2025'!D61:AM61,'cons 2023 - 2025'!D61:AM61,"<>0") -> 1 | L60: =-_xlfn.MAXIFS('cons 2023 - 2025'!D61:AM61,'cons 2023 - 2025'!D61:AM61,"<>0") -> 1 | M60: =COUNTIF('cons 2023 - 2025'!D61:AM61,"<>0") -> 2 | N60: =-AVERAGE('cons 2023 - 2025'!D61:AM61) -> 0.055555556 | O60: =J60/M60 -> 1 | P60: =_xlfn.STDEV.S('cons 2023 - 2025'!D61:AM61) -> 0.23231068 | Q60: =-AVERAGE('cons 2023 - 2025'!D61:AM61)/'⚙ Assumptions'!$B$5 -> 0.0025252525 | R60: =_xlfn.STDEV.S('cons 2023 - 2025'!D61:AM61)/SQRT('⚙ Assumptions'!$B$5) -> 0.049528804 | S60: =-IF(AVERAGE('cons 2023 - 2025'!D61:AM61)=0,"",_xlfn.STDEV.S('cons 2023 - 2025'!D61:AM61)/AVERAGE('cons 2023 - 2025'!D61:AM61)) -> 4.1815923 | T60: =IF(ISBLANK(S60),"Z", IF(S60<=0.25,"X", IF(S60<=0.5,"Y","Z"))) -> Z | U60: =IF(E60="B",0.95,IF(E60="C",0.9,0.98)) -> 0.9 | V60: =IF(E60="B",1.65,1.28) -> 1.28 | W60: =V60*R60*SQRT(G60) -> 0.31698435 | X60: =V60*P60*SQRT(H60) -> 0.27144918 | Y60: =Q60*G60+W60 -> 0.38011566 | Z60: =N60*H60+X60 -> 0.31774547 | AA60: =-AVERAGE('cons 2023 - 2025'!D61:AM61)*12 -> 0.66666667 | AB60: =I60*0.2 -> 27.5834 | AC60: =SQRT((2*AA60*'⚙ Assumptions'!$B$3)/AB60) -> 2.6927194 | AD60: =Z60 -> 0.31774547 | AE60: =Z60+AC60 -> 3.0104649 | AF60: =AA60/AC60 -> 0.24758119
A61: 02030021 | B61: CEM I 42,5 N Sac PP | C61: TO | E61: =VLOOKUP(A61,Classification!$A$2:$D$1180,4,0) -> C | F61: =VLOOKUP(A61,Classification!$A$2:$E$1180,5,0) -> L | G61: =VLOOKUP(A61,'Lead Time'!$A$2:$D$1180,4,0) -> 44 | H61: =G61/30 -> 1.4666667 | I61: =VLOOKUP(A61,Classification!$A$2:$F$1180,6,0) -> 137.683 | J61: =-SUM('cons 2023 - 2025'!D62:AM62) -> 9098 | K61: =-_xlfn.MINIFS('cons 2023 - 2025'!D62:AM62,'cons 2023 - 2025'!D62:AM62,"<>0") -> 8848 | L61: =-_xlfn.MAXIFS('cons 2023 - 2025'!D62:AM62,'cons 2023 - 2025'!D62:AM62,"<>0") -> 250 | M61: =COUNTIF('cons 2023 - 2025'!D62:AM62,"<>0") -> 2 | N61: =-AVERAGE('cons 2023 - 2025'!D62:AM62) -> 252.72222 | O61: =J61/M61 -> 4549 | P61: =_xlfn.STDEV.S('cons 2023 - 2025'!D62:AM62) -> 1474.0647 | Q61: =-AVERAGE('cons 2023 - 2025'!D62:AM62)/'⚙ Assumptions'!$B$5 -> 11.487374 | R61: =_xlfn.STDEV.S('cons 2023 - 2025'!D62:AM62)/SQRT('⚙ Assumptions'!$B$5) -> 314.27165 | S61: =-IF(AVERAGE('cons 2023 - 2025'!D62:AM62)=0,"",_xlfn.STDEV.S('cons 2023 - 2025'!D62:AM62)/AVERAGE('cons 2023 - 2025'!D62:AM62)) -> 5.8327467 | T61: =IF(ISBLANK(S61),"Z", IF(S61<=0.25,"X", IF(S61<=0.5,"Y","Z"))) -> Z | U61: =IF(E61="B",0.95,IF(E61="C",0.9,0.98)) -> 0.9 | V61: =IF(E61="B",1.65,1.28) -> 1.28 | W61: =V61*R61*SQRT(G61) -> 2668.3422 | X61: =V61*P61*SQRT(H61) -> 2285.0317 | Y61: =Q61*G61+W61 -> 3173.7866 | Z61: =N61*H61+X61 -> 2655.691 | AA61: =-AVERAGE('cons 2023 - 2025'!D62:AM62)*12 -> 3032.6667 | AB61: =I61*0.2 -> 27.5366 | AC61: =SQRT((2*AA61*'⚙ Assumptions'!$B$3)/AB61) -> 181.76816 | AD61: =Z61 -> 2655.691 | AE61: =Z61+AC61 -> 2837.4591 | AF61: =AA61/AC61 -> 16.684257
A62: 45800188 | B62: Bague d'étanchéité 1920126819 | C62: PC | D62: =VLOOKUP(A62,'Lead Time'!$A$2:$C$1180,3,0) -> Import | E62: =VLOOKUP(A62,Classification!$A$2:$D$1180,4,0) -> C | F62: =VLOOKUP(A62,Classification!$A$2:$E$1180,5,0) -> L | G62: =VLOOKUP(A62,'Lead Time'!$A$2:$D$1180,4,0) -> 244 | H62: =G62/30 -> 8.1333333 | I62: =VLOOKUP(A62,Classification!$A$2:$F$1180,6,0) -> 136.983 | J62: =-SUM('cons 2023 - 2025'!D63:AM63) -> 0 | K62: =-_xlfn.MINIFS('cons 2023 - 2025'!D63:AM63,'cons 2023 - 2025'!D63:AM63,"<>0") -> 1 | L62: =-_xlfn.MAXIFS('cons 2023 - 2025'!D63:AM63,'cons 2023 - 2025'!D63:AM63,"<>0") -> -1 | M62: =COUNTIF('cons 2023 - 2025'!D63:AM63,"<>0") -> 2 | N62: =-AVERAGE('cons 2023 - 2025'!D63:AM63) -> 0 | O62: =J62/M62 -> 0 | P62: =_xlfn.STDEV.S('cons 2023 - 2025'!D63:AM63) -> 0.23904572 | Q62: =-AVERAGE('cons 2023 - 2025'!D63:AM63)/'⚙ Assumptions'!$B$5 -> 0 | R62: =_xlfn.STDEV.S('cons 2023 - 2025'!D63:AM63)/SQRT('⚙ Assumptions'!$B$5) -> 0.050964719 | U62: =IF(E62="B",0.95,IF(E62="C",0.9,0.98)) -> 0.9 | V62: =IF(E62="B",1.65,1.28) -> 1.28 | W62: =V62*R62*SQRT(G62) -> 1.0190008 | X62: =V62*P62*SQRT(H62) -> 0.87262014 | Y62: =Q62*G62+W62 -> 1.0190008 | Z62: =N62*H62+X62 -> 0.87262014 | AA62: =-AVERAGE('cons 2023 - 2025'!D63:AM63)*12 -> 0 | AB62: =I62*0.2 -> 27.3966 | AC62: =SQRT((2*AA62*'⚙ Assumptions'!$B$3)/AB62) -> 0 | AD62: =Z62 -> 0.87262014 | AE62: =Z62+AC62 -> 0.87262014 | AF62: =AA62/AC62 -> #DIV/0!
A63: 51030002 | B63: PROJECTEUR IODURE 220v400 wip65 | C63: PC | D63: =VLOOKUP(A63,'Lead Time'!$A$2:$C$1180,3,0) -> Local | E63: =VLOOKUP(A63,Classification!$A$2:$D$1180,4,0) -> C | F63: =VLOOKUP(A63,Classification!$A$2:$E$1180,5,0) -> L | G63: =VLOOKUP(A63,'Lead Time'!$A$2:$D$1180,4,0) -> 25 | H63: =G63/30 -> 0.83333333 | I63: =VLOOKUP(A63,Classification!$A$2:$F$1180,6,0) -> 136.366 | J63: =-SUM('cons 2023 - 2025'!D64:AM64) -> 6 | K63: =-_xlfn.MINIFS('cons 2023 - 2025'!D64:AM64,'cons 2023 - 2025'!D64:AM64,"<>0") -> 4 | L63: =-_xlfn.MAXIFS('cons 2023 - 2025'!D64:AM64,'cons 2023 - 2025'!D64:AM64,"<>0") -> 2 | M63: =COUNTIF('cons 2023 - 2025'!D64:AM64,"<>0") -> 2 | N63: =-AVERAGE('cons 2023 - 2025'!D64:AM64) -> 0.16666667 | O63: =J63/M63 -> 3 | P63: =_xlfn.STDEV.S('cons 2023 - 2025'!D64:AM64) -> 0.7367884 | Q63: =-AVERAGE('cons 2023 - 2025'!D64:AM64)/'⚙ Assumptions'!$B$5 -> 0.0075757576 | R63: =_xlfn.STDEV.S('cons 2023 - 2025'!D64:AM64)/SQRT('⚙ Assumptions'!$B$5) -> 0.15708381 | S63: =-IF(AVERAGE('cons 2023 - 2025'!D64:AM64)=0,"",_xlfn.STDEV.S('cons 2023 - 2025'!D64:AM64)/AVERAGE('cons 2023 - 2025'!D64:AM64)) -> 4.4207304 | T63: =IF(ISBLANK(S63),"Z", IF(S63<=0.25,"X", IF(S63<=0.5,"Y","Z"))) -> Z | U63: =IF(E63="B",0.95,IF(E63="C",0.9,0.98)) -> 0.9 | V63: =IF(E63="B",1.65,1.28) -> 1.28 | W63: =V63*R63*SQRT(G63) -> 1.0053364 | X63: =V63*P63*SQRT(H63) -> 0.86091867 | Y63: =Q63*G63+W63 -> 1.1947304 | Z63: =N63*H63+X63 -> 0.99980756 | AA63: =-AVERAGE('cons 2023 - 2025'!D64:AM64)*12 -> 2 | AB63: =I63*0.2 -> 27.2732 | AC63: =SQRT((2*AA63*'⚙ Assumptions'!$B$3)/AB63) -> 4.6903751 | AD63: =Z63 -> 0.99980756 | AE63: =Z63+AC63 -> 5.6901827 | AF63: =AA63/AC63 -> 0.42640513
A64: 53130156 | B64: "CONTACTEUR G/090730*E05* | C64: PC | D64: =VLOOKUP(A64,'Lead Time'!$A$2:$C$1180,3,0) -> Local | E64: =VLOOKUP(A64,Classification!$A$2:$D$1180,4,0) -> C | F64: =VLOOKUP(A64,Classification!$A$2:$E$1180,5,0) -> L | G64: =VLOOKUP(A64,'Lead Time'!$A$2:$D$1180,4,0) -> 71.25 | H64: =G64/30 -> 2.375 | I64: =VLOOKUP(A64,Classification!$A$2:$F$1180,6,0) -> 136.34 | J64: =-SUM('cons 2023 - 2025'!D65:AM65) -> 3 | K64: =-_xlfn.MINIFS('cons 2023 - 2025'!D65:AM65,'cons 2023 - 2025'!D65:AM65,"<>0") -> 2 | L64: =-_xlfn.MAXIFS('cons 2023 - 2025'!D65:AM65,'cons 2023 - 2025'!D65:AM65,"<>0") -> 1 | M64: =COUNTIF('cons 2023 - 2025'!D65:AM65,"<>0") -> 2 | N64: =-AVERAGE('cons 2023 - 2025'!D65:AM65) -> 0.083333333 | O64: =J64/M64 -> 1.5 | P64: =_xlfn.STDEV.S('cons 2023 - 2025'!D65:AM65) -> 0.3683942 | Q64: =-AVERAGE('cons 2023 - 2025'!D65:AM65)/'⚙ Assumptions'!$B$5 -> 0.0037878788 | R64: =_xlfn.STDEV.S('cons 2023 - 2025'!D65:AM65)/SQRT('⚙ Assumptions'!$B$5) -> 0.078541907 | S64: =-IF(AVERAGE('cons 2023 - 2025'!D65:AM65)=0,"",_xlfn.STDEV.S('cons 2023 - 2025'!D65:AM65)/AVERAGE('cons 2023 - 2025'!D65:AM65)) -> 4.4207304 | T64: =IF(ISBLANK(S64),"Z", IF(S64<=0.25,"X", IF(S64<=0.5,"Y","Z"))) -> Z | U64: =IF(E64="B",0.95,IF(E64="C",0.9,0.98)) -> 0.9 | V64: =IF(E64="B",1.65,1.28) -> 1.28 | W64: =V64*R64*SQRT(G64) -> 0.8486016 | X64: =V64*P64*SQRT(H64) -> 0.72669899 | Y64: =Q64*G64+W64 -> 1.118488 | Z64: =N64*H64+X64 -> 0.92461566 | AA64: =-AVERAGE('cons 2023 - 2025'!D65:AM65)*12 -> 1 | AB64: =I64*0.2 -> 27.268 | AC64: =SQRT((2*AA64*'⚙ Assumptions'!$B$3)/AB64) -> 3.3169123 | AD64: =Z64 -> 0.92461566 | AE64: =Z64+AC64 -> 4.2415279 | AF64: =AA64/AC64 -> 0.30148521
A65: 71010018 | B65: Bande larg:1000 EP-800/4 6+2Y | C65: M | D65: =VLOOKUP(A65,'Lead Time'!$A$2:$C$1180,3,0) -> Local | E65: =VLOOKUP(A65,Classification!$A$2:$D$1180,4,0) -> C | F65: =VLOOKUP(A65,Classification!$A$2:$E$1180,5,0) -> L | G65: =VLOOKUP(A65,'Lead Time'!$A$2:$D$1180,4,0) -> 81 | H65: =G65/30 -> 2.7 | I65: =VLOOKUP(A65,Classification!$A$2:$F$1180,6,0) -> 136.075 | J65: =-SUM('cons 2023 - 2025'!D66:AM66) -> 540 | K65: =-_xlfn.MINIFS('cons 2023 - 2025'!D66:AM66,'cons 2023 - 2025'!D66:AM66,"<>0") -> 500 | L65: =-_xlfn.MAXIFS('cons 2023 - 2025'!D66:AM66,'cons 2023 - 2025'!D66:AM66,"<>0") -> 40 | M65: =COUNTIF('cons 2023 - 2025'!D66:AM66,"<>0") -> 2 | N65: =-AVERAGE('cons 2023 - 2025'!D66:AM66) -> 15 | O65: =J65/M65 -> 270 | P65: =_xlfn.STDEV.S('cons 2023 - 2025'!D66:AM66) -> 83.409489 | Q65: =-AVERAGE('cons 2023 - 2025'!D66:AM66)/'⚙ Assumptions'!$B$5 -> 0.68181818 | R65: =_xlfn.STDEV.S('cons 2023 - 2025'!D66:AM66)/SQRT('⚙ Assumptions'!$B$5) -> 17.782963 | S65: =-IF(AVERAGE('cons 2023 - 2025'!D66:AM66)=0,"",_xlfn.STDEV.S('cons 2023 - 2025'!D66:AM66)/AVERAGE('cons 2023 - 2025'!D66:AM66)) -> 5.5606326 | T65: =IF(ISBLANK(S65),"Z", IF(S65<=0.25,"X", IF(S65<=0.5,"Y","Z"))) -> Z | U65: =IF(E65="B",0.95,IF(E65="C",0.9,0.98)) -> 0.9 | V65: =IF(E65="B",1.65,1.28) -> 1.28 | W65: =V65*R65*SQRT(G65) -> 204.85973 | X65: =V65*P65*SQRT(H65) -> 175.43139 | Y65: =Q65*G65+W65 -> 260.087 | Z65: =N65*H65+X65 -> 215.93139 | AA65: =-AVERAGE('cons 2023 - 2025'!D66:AM66)*12 -> 180 | AB65: =I65*0.2 -> 27.215 | AC65: =SQRT((2*AA65*'⚙ Assumptions'!$B$3)/AB65) -> 44.544359 | AD65: =Z65 -> 215.93139 | AE65: =Z65+AC65 -> 260.47575 | AF65: =AA65/AC65 -> 4.0409157
A66: 60340023 | B66: RÉGULATEUR-REF630496Z | C66: PC | D66: =VLOOKUP(A66,'Lead Time'!$A$2:$C$1180,3,0) -> Mixed Source | E66: =VLOOKUP(A66,Classification!$A$2:$D$1180,4,0) -> C | F66: =VLOOKUP(A66,Classification!$A$2:$E$1180,5,0) -> L | G66: =VLOOKUP(A66,'Lead Time'!$A$2:$D$1180,4,0) -> 66.5 | H66: =G66/30 -> 2.2166667 | I66: =VLOOKUP(A66,Classification!$A$2:$F$1180,6,0) -> 135.923 | J66: =-SUM('cons 2023 - 2025'!D67:AM67) -> 3 | K66: =-_xlfn.MINIFS('cons 2023 - 2025'!D67:AM67,'cons 2023 - 2025'!D67:AM67,"<>0") -> 2 | L66: =-_xlfn.MAXIFS('cons 2023 - 2025'!D67:AM67,'cons 2023 - 2025'!D67:AM67,"<>0") -> 1 | M66: =COUNTIF('cons 2023 - 2025'!D67:AM67,"<>0") -> 2 | N66: =-AVERAGE('cons 2023 - 2025'!D67:AM67) -> 0.083333333 | O66: =J66/M66 -> 1.5 | P66: =_xlfn.STDEV.S('cons 2023 - 2025'!D67:AM67) -> 0.3683942 | Q66: =-AVERAGE('cons 2023 - 2025'!D67:AM67)/'⚙ Assumptions'!$B$5 -> 0.0037878788 | R66: =_xlfn.STDEV.S('cons 2023 - 2025'!D67:AM67)/SQRT('⚙ Assumptions'!$B$5) -> 0.078541907 | S66: =-IF(AVERAGE('cons 2023 - 2025'!D67:AM67)=0,"",_xlfn.STDEV.S('cons 2023 - 2025'!D67:AM67)/AVERAGE('cons 2023 - 2025'!D67:AM67)) -> 4.4207304 | T66: =IF(ISBLANK(S66),"Z", IF(S66<=0.25,"X", IF(S66<=0.5,"Y","Z"))) -> Z | U66: =IF(E66="B",0.95,IF(E66="C",0.9,0.98)) -> 0.9 | V66: =IF(E66="B",1.65,1.28) -> 1.28 | W66: =V66*R66*SQRT(G66) -> 0.81982703 | X66: =V66*P66*SQRT(H66) -> 0.70205793 | Y66: =Q66*G66+W66 -> 1.071721 | Z66: =N66*H66+X66 -> 0.88678015 | AA66: =-AVERAGE('cons 2023 - 2025'!D67:AM67)*12 -> 1 | AB66: =I66*0.2 -> 27.1846 | AC66: =SQRT((2*AA66*'⚙ Assumptions'!$B$3)/AB66) -> 3.3219964 | AD66: =Z66 -> 0.88678015 | AE66: =Z66+AC66 -> 4.2087765 | AF66: =AA66/AC66 -> 0.30102381
A67: 65130107 | B67: Manchon H217 | C67: PC | D67: =VLOOKUP(A67,'Lead Time'!$A$2:$C$1180,3,0) -> Local | E67: =VLOOKUP(A67,Classification!$A$2:$D$1180,4,0) -> C | F67: =VLOOKUP(A67,Classification!$A$2:$E$1180,5,0) -> L | G67: =VLOOKUP(A67,'Lead Time'!$A$2:$D$1180,4,0) -> 13 | H67: =G67/30 -> 0.43333333 | I67: =VLOOKUP(A67,Classification!$A$2:$F$1180,6,0) -> 135.175 | J67: =-SUM('cons 2023 - 2025'!D68:AM68) -> 6 | K67: =-_xlfn.MINIFS('cons 2023 - 2025'!D68:AM68,'cons 2023 - 2025'!D68:AM68,"<>0") -> 4 | L67: =-_xlfn.MAXIFS('cons 2023 - 2025'!D68:AM68,'cons 2023 - 2025'!D68:AM68,"<>0") -> 2 | M67: =COUNTIF('cons 2023 - 2025'!D68:AM68,"<>0") -> 2 | N67: =-AVERAGE('cons 2023 - 2025'!D68:AM68) -> 0.16666667 | O67: =J67/M67 -> 3 | P67: =_xlfn.STDEV.S('cons 2023 - 2025'!D68:AM68) -> 0.7367884 | Q67: =-AVERAGE('cons 2023 - 2025'!D68:AM68)/'⚙ Assumptions'!$B$5 -> 0.0075757576 | R67: =_xlfn.STDEV.S('cons 2023 - 2025'!D68:AM68)/SQRT('⚙ Assumptions'!$B$5) -> 0.15708381 | S67: =-IF(AVERAGE('cons 2023 - 2025'!D68:AM68)=0,"",_xlfn.STDEV.S('cons 2023 - 2025'!D68:AM68)/AVERAGE('cons 2023 - 2025'!D68:AM68)) -> 4.4207304 | T67: =IF(ISBLANK(S67),"Z", IF(S67<=0.25,"X", IF(S67<=0.5,"Y","Z"))) -> Z | U67: =IF(E67="B",0.95,IF(E67="C",0.9,0.98)) -> 0.9 | V67: =IF(E67="B",1.65,1.28) -> 1.28 | W67: =V67*R67*SQRT(G67) -> 0.7249584 | X67: =V67*P67*SQRT(H67) -> 0.62081728 | Y67: =Q67*G67+W67 -> 0.82344324 | Z67: =N67*H67+X67 -> 0.6930395 | AA67: =-AVERAGE('cons 2023 - 2025'!D68:AM68)*12 -> 2 | AB67: =I67*0.2 -> 27.035 | AC67: =SQRT((2*AA67*'⚙ Assumptions'!$B$3)/AB67) -> 4.7109928 | AD67: =Z67 -> 0.6930395 | AE67: =Z67+AC67 -> 5.4040323 | AF67: =AA67/AC67 -> 0.42453897
A68: 87220016 | B68: VIS A TETE RECTANGULAIRE M36X4X140X95 | C68: PC | D68: =VLOOKUP(A68,'Lead Time'!$A$2:$C$1180,3,0) -> Mixed Source | E68: =VLOOKUP(A68,Classification!$A$2:$D$1180,4,0) -> C | F68: =VLOOKUP(A68,Classification!$A$2:$E$1180,5,0) -> M | G68: =VLOOKUP(A68,'Lead Time'!$A$2:$D$1180,4,0) -> 93.2 | H68: =G68/30 -> 3.1066667 | I68: =VLOOKUP(A68,Classification!$A$2:$F$1180,6,0) -> 134.877 | J68: =-SUM('cons 2023 - 2025'!D69:AM69) -> 51 | K68: =-_xlfn.MINIFS('cons 2023 - 2025'!D69:AM69,'cons 2023 - 2025'!D69:AM69,"<>0") -> 24 | L68: =-_xlfn.MAXIFS('cons 2023 - 2025'!D69:AM69,'cons 2023 - 2025'!D69:AM69,"<>0") -> 1 | M68: =COUNTIF('cons 2023 - 2025'!D69:AM69,"<>0") -> 5 | N68: =-AVERAGE('cons 2023 - 2025'!D69:AM69) -> 1.4166667 | O68: =J68/M68 -> 10.2 | P68: =_xlfn.STDEV.S('cons 2023 - 2025'!D69:AM69) -> 4.7230438 | Q68: =-AVERAGE('cons 2023 - 2025'!D69:AM69)/'⚙ Assumptions'!$B$5 -> 0.064393939 | R68: =_xlfn.STDEV.S('cons 2023 - 2025'!D69:AM69)/SQRT('⚙ Assumptions'!$B$5) -> 1.0069563 | S68: =-IF(AVERAGE('cons 2023 - 2025'!D69:AM69)=0,"",_xlfn.STDEV.S('cons 2023 - 2025'!D69:AM69)/AVERAGE('cons 2023 - 2025'!D69:AM69)) -> 3.3339133 | T68: =IF(ISBLANK(S68),"Z", IF(S68<=0.25,"X", IF(S68<=0.5,"Y","Z"))) -> Z | U68: =IF(E68="B",0.95,IF(E68="C",0.9,0.98)) -> 0.9 | V68: =IF(E68="B",1.65,1.28) -> 1.28 | W68: =V68*R68*SQRT(G68) -> 12.443099 | X68: =V68*P68*SQRT(H68) -> 10.655633 | Y68: =Q68*G68+W68 -> 18.444614 | Z68: =N68*H68+X68 -> 15.056745 | AA68: =-AVERAGE('cons 2023 - 2025'!D69:AM69)*12 -> 17 | AB68: =I68*0.2 -> 26.9754 | AC68: =SQRT((2*AA68*'⚙ Assumptions'!$B$3)/AB68) -> 13.749951 | AD68: =Z68 -> 15.056745 | AE68: =Z68+AC68 -> 28.806695 | AF68: =AA68/AC68 -> 1.2363681
A69: 60340002 | B69: FILTRE REGULATEUR MONOBL 34203131 1/2'' | C69: PC | D69: =VLOOKUP(A69,'Lead Time'!$A$2:$C$1180,3,0) -> Local | E69: =VLOOKUP(A69,Classification!$A$2:$D$1180,4,0) -> C | F69: =VLOOKUP(A69,Classification!$A$2:$E$1180,5,0) -> H | G69: =VLOOKUP(A69,'Lead Time'!$A$2:$D$1180,4,0) -> 51.8 | H69: =G69/30 -> 1.7266667 | I69: =VLOOKUP(A69,Classification!$A$2:$F$1180,6,0) -> 134.866 | J69: =-SUM('cons 2023 - 2025'!D70:AM70) -> 35 | K69: =-_xlfn.MINIFS('cons 2023 - 2025'!D70:AM70,'cons 2023 - 2025'!D70:AM70,"<>0") -> 5 | L69: =-_xlfn.MAXIFS('cons 2023 - 2025'!D70:AM70,'cons 2023 - 2025'!D70:AM70,"<>0") -> 1 | M69: =COUNTIF('cons 2023 - 2025'!D70:AM70,"<>0") -> 19 | N69: =-AVERAGE('cons 2023 - 2025'!D70:AM70) -> 0.97222222 | O69: =J69/M69 -> 1.8421053 | P69: =_xlfn.STDEV.S('cons 2023 - 2025'!D70:AM70) -> 1.2302407 | Q69: =-AVERAGE('cons 2023 - 2025'!D70:AM70)/'⚙ Assumptions'!$B$5 -> 0.044191919 | R69: =_xlfn.STDEV.S('cons 2023 - 2025'!D70:AM70)/SQRT('⚙ Assumptions'!$B$5) -> 0.26228819 | S69: =-IF(AVERAGE('cons 2023 - 2025'!D70:AM70)=0,"",_xlfn.STDEV.S('cons 2023 - 2025'!D70:AM70)/AVERAGE('cons 2023 - 2025'!D70:AM70)) -> 1.2653904 | T69: =IF(ISBLANK(S69),"Z", IF(S69<=0.25,"X", IF(S69<=0.5,"Y","Z"))) -> Z | U69: =IF(E69="B",0.95,IF(E69="C",0.9,0.98)) -> 0.9 | V69: =IF(E69="B",1.65,1.28) -> 1.28 | W69: =V69*R69*SQRT(G69) -> 2.4163152 | X69: =V69*P69*SQRT(H69) -> 2.0692087 | Y69: =Q69*G69+W69 -> 4.7054566 | Z69: =N69*H69+X69 -> 3.7479124 | AA69: =-AVERAGE('cons 2023 - 2025'!D70:AM70)*12 -> 11.666667 | AB69: =I69*0.2 -> 26.9732 | AC69: =SQRT((2*AA69*'⚙ Assumptions'!$B$3)/AB69) -> 11.391156 | AD69: =Z69 -> 3.7479124 | AE69: =Z69+AC69 -> 15.139068 | AF69: =AA69/AC69 -> 1.0241864
A70: 53130142 | B70: CONTACTEUR LC1-D12BDN 24V CC | C70: PC | D70: =VLOOKUP(A70,'Lead Time'!$A$2:$C$1180,3,0) -> Local | E70: =VLOOKUP(A70,Classification!$A$2:$D$1180,4,0) -> C | F70: =VLOOKUP(A70,Classification!$A$2:$E$1180,5,0) -> M | G70: =VLOOKUP(A70,'Lead Time'!$A$2:$D$1180,4,0) -> 29.714286 | H70: =G70/30 -> 0.99047619 | I70: =VLOOKUP(A70,Classification!$A$2:$F$1180,6,0) -> 134.725 | J70: =-SUM('cons 2023 - 2025'!D71:AM71) -> 17 | K70: =-_xlfn.MINIFS('cons 2023 - 2025'!D71:AM71,'cons 2023 - 2025'!D71:AM71,"<>0") -> 4 | L70: =-_xlfn.MAXIFS('cons 2023 - 2025'!D71:AM71,'cons 2023 - 2025'!D71:AM71,"<>0") -> 1 | M70: =COUNTIF('cons 2023 - 2025'!D71:AM71,"<>0") -> 9 | N70: =-AVERAGE('cons 2023 - 2025'!D71:AM71) -> 0.47222222 | O70: =J70/M70 -> 1.8888889 | P70: =_xlfn.STDEV.S('cons 2023 - 2025'!D71:AM71) -> 0.97059955 | Q70: =-AVERAGE('cons 2023 - 2025'!D71:AM71)/'⚙ Assumptions'!$B$5 -> 0.021464646 | R70: =_xlfn.STDEV.S('cons 2023 - 2025'!D71:AM71)/SQRT('⚙ Assumptions'!$B$5) -> 0.20693252 | S70: =-IF(AVERAGE('cons 2023 - 2025'!D71:AM71)=0,"",_xlfn.STDEV.S('cons 2023 - 2025'!D71:AM71)/AVERAGE('cons 2023 - 2025'!D71:AM71)) -> 2.0553873 | T70: =IF(ISBLANK(S70),"Z", IF(S70<=0.25,"X", IF(S70<=0.5,"Y","Z"))) -> Z | U70: =IF(E70="B",0.95,IF(E70="C",0.9,0.98)) -> 0.9 | V70: =IF(E70="B",1.65,1.28) -> 1.28 | W70: =V70*R70*SQRT(G70) -> 1.4438476 | X70: =V70*P70*SQRT(H70) -> 1.2364372 | Y70: =Q70*G70+W70 -> 2.0816543 | Z70: =N70*H70+X70 -> 1.7041621 | AA70: =-AVERAGE('cons 2023 - 2025'!D71:AM71)*12 -> 5.6666667 | AB70: =I70*0.2 -> 26.945 | AC70: =SQRT((2*AA70*'⚙ Assumptions'!$B$3)/AB70) -> 7.9430147 | AD70: =Z70 -> 1.7041621 | AE70: =Z70+AC70 -> 9.6471768 | AF70: =AA70/AC70 -> 0.7134151
A71: 90270032 | B71: piston soupape TORNADO 4’’et 6’’ en ALU | C71: PC | D71: =VLOOKUP(A71,'Lead Time'!$A$2:$C$1180,3,0) -> Import | E71: =VLOOKUP(A71,Classification!$A$2:$D$1180,4,0) -> C | F71: =VLOOKUP(A71,Classification!$A$2:$E$1180,5,0) -> L | G71: =VLOOKUP(A71,'Lead Time'!$A$2:$D$1180,4,0) -> 160 | H71: =G71/30 -> 5.3333333 | I71: =VLOOKUP(A71,Classification!$A$2:$F$1180,6,0) -> 133.661 | J71: =-SUM('cons 2023 - 2025'!D72:AM72) -> 2 | K71: =-_xlfn.MINIFS('cons 2023 - 2025'!D72:AM72,'cons 2023 - 2025'!D72:AM72,"<>0") -> 2 | L71: =-_xlfn.MAXIFS('cons 2023 - 2025'!D72:AM72,'cons 2023 - 2025'!D72:AM72,"<>0") -> 2 | M71: =COUNTIF('cons 2023 - 2025'!D72:AM72,"<>0") -> 1 | N71: =-AVERAGE('cons 2023 - 2025'!D72:AM72) -> 0.055555556 | O71: =J71/M71 -> 2 | P71: =_xlfn.STDEV.S('cons 2023 - 2025'!D72:AM72) -> 0.33333333 | Q71: =-AVERAGE('cons 2023 - 2025'!D72:AM72)/'⚙ Assumptions'!$B$5 -> 0.0025252525 | R71: =_xlfn.STDEV.S('cons 2023 - 2025'!D72:AM72)/SQRT('⚙ Assumptions'!$B$5) -> 0.071066905 | S71: =-IF(AVERAGE('cons 2023 - 2025'!D72:AM72)=0,"",_xlfn.STDEV.S('cons 2023 - 2025'!D72:AM72)/AVERAGE('cons 2023 - 2025'!D72:AM72)) -> 6 | T71: =IF(ISBLANK(S71),"Z", IF(S71<=0.25,"X", IF(S71<=0.5,"Y","Z"))) -> Z | U71: =IF(E71="B",0.95,IF(E71="C",0.9,0.98)) -> 0.9 | V71: =IF(E71="B",1.65,1.28) -> 1.28 | W71: =V71*R71*SQRT(G71) -> 1.1506344 | X71: =V71*P71*SQRT(H71) -> 0.98534446 | Y71: =Q71*G71+W71 -> 1.5546748 | Z71: =N71*H71+X71 -> 1.2816408 | AA71: =-AVERAGE('cons 2023 - 2025'!D72:AM72)*12 -> 0.66666667 | AB71: =I71*0.2 -> 26.7322 | AC71: =SQRT((2*AA71*'⚙ Assumptions'!$B$3)/AB71) -> 2.7352539 | AD71: =Z71 -> 1.2816408 | AE71: =Z71+AC71 -> 4.0168947 | AF71: =AA71/AC71 -> 0.24373118
A72: 66400042 | B72: PIGNON 700352D | C72: PC | D72: =VLOOKUP(A72,'Lead Time'!$A$2:$C$1180,3,0) -> Local | E72: =VLOOKUP(A72,Classification!$A$2:$D$1180,4,0) -> C | F72: =VLOOKUP(A72,Classification!$A$2:$E$1180,5,0) -> L | G72: =VLOOKUP(A72,'Lead Time'!$A$2:$D$1180,4,0) -> 49.666667 | H72: =G72/30 -> 1.6555556 | I72: =VLOOKUP(A72,Classification!$A$2:$F$1180,6,0) -> 133.32 | J72: =-SUM('cons 2023 - 2025'!D73:AM73) -> 1 | K72: =-_xlfn.MINIFS('cons 2023 - 2025'!D73:AM73,'cons 2023 - 2025'!D73:AM73,"<>0") -> 1 | L72: =-_xlfn.MAXIFS('cons 2023 - 2025'!D73:AM73,'cons 2023 - 2025'!D73:AM73,"<>0") -> 1 | M72: =COUNTIF('cons 2023 - 2025'!D73:AM73,"<>0") -> 1 | N72: =-AVERAGE('cons 2023 - 2025'!D73:AM73) -> 0.027777778 | O72: =J72/M72 -> 1 | P72: =_xlfn.STDEV.S('cons 2023 - 2025'!D73:AM73) -> 0.16666667 | Q72: =-AVERAGE('cons 2023 - 2025'!D73:AM73)/'⚙ Assumptions'!$B$5 -> 0.0012626263 | R72: =_xlfn.STDEV.S('cons 2023 - 2025'!D73:AM73)/SQRT('⚙ Assumptions'!$B$5) -> 0.035533453 | S72: =-IF(AVERAGE('cons 2023 - 2025'!D73:AM73)=0,"",_xlfn.STDEV.S('cons 2023 - 2025'!D73:AM73)/AVERAGE('cons 2023 - 2025'!D73:AM73)) -> 6 | T72: =IF(ISBLANK(S72),"Z", IF(S72<=0.25,"X", IF(S72<=0.5,"Y","Z"))) -> Z | U72: =IF(E72="B",0.95,IF(E72="C",0.9,0.98)) -> 0.9 | V72: =IF(E72="B",1.65,1.28) -> 1.28 | W72: =V72*R72*SQRT(G72) -> 0.32053827 | X72: =V72*P72*SQRT(H72) -> 0.27449257 | Y72: =Q72*G72+W72 -> 0.38324871 | Z72: =N72*H72+X72 -> 0.32048023 | AA72: =-AVERAGE('cons 2023 - 2025'!D73:AM73)*12 -> 0.33333333 | AB72: =I72*0.2 -> 26.664 | AC72: =SQRT((2*AA72*'⚙ Assumptions'!$B$3)/AB72) -> 1.9365885 | AD72: =Z72 -> 0.32048023 | AE72: =Z72+AC72 -> 2.2570687 | AF72: =AA72/AC72 -> 0.17212399
A73: 79210107 | B73: MANCHETTE SOUPLE ØINT160mm LONG:300mm | C73: PC | D73: =VLOOKUP(A73,'Lead Time'!$A$2:$C$1180,3,0) -> Local | E73: =VLOOKUP(A73,Classification!$A$2:$D$1180,4,0) -> C | F73: =VLOOKUP(A73,Classification!$A$2:$E$1180,5,0) -> L | G73: =VLOOKUP(A73,'Lead Time'!$A$2:$D$1180,4,0) -> 9.5 | H73: =G73/30 -> 0.31666667 | I73: =VLOOKUP(A73,Classification!$A$2:$F$1180,6,0) -> 133.32 | J73: =-SUM('cons 2023 - 2025'!D74:AM74) -> 7 | K73: =-_xlfn.MINIFS('cons 2023 - 2025'!D74:AM74,'cons 2023 - 2025'!D74:AM74,"<>0") -> 3 | L73: =-_xlfn.MAXIFS('cons 2023 - 2025'!D74:AM74,'cons 2023 - 2025'!D74:AM74,"<>0") -> 1 | M73: =COUNTIF('cons 2023 - 2025'!D74:AM74,"<>0") -> 3 | N73: =-AVERAGE('cons 2023 - 2025'!D74:AM74) -> 0.19444444 | O73: =J73/M73 -> 2.3333333 | P73: =_xlfn.STDEV.S('cons 2023 - 2025'!D74:AM74) -> 0.70990722 | Q73: =-AVERAGE('cons 2023 - 2025'!D74:AM74)/'⚙ Assumptions'!$B$5 -> 0.0088383838 | R73: =_xlfn.STDEV.S('cons 2023 - 2025'!D74:AM74)/SQRT('⚙ Assumptions'!$B$5) -> 0.15135273 | S73: =-IF(AVERAGE('cons 2023 - 2025'!D74:AM74)=0,"",_xlfn.STDEV.S('cons 2023 - 2025'!D74:AM74)/AVERAGE('cons 2023 - 2025'!D74:AM74)) -> 3.6509514 | T73: =IF(ISBLANK(S73),"Z", IF(S73<=0.25,"X", IF(S73<=0.5,"Y","Z"))) -> Z | U73: =IF(E73="B",0.95,IF(E73="C",0.9,0.98)) -> 0.9 | V73: =IF(E73="B",1.65,1.28) -> 1.28 | W73: =V73*R73*SQRT(G73) -> 0.59712056 | X73: =V73*P73*SQRT(H73) -> 0.51134349 | Y73: =Q73*G73+W73 -> 0.6810852 | Z73: =N73*H73+X73 -> 0.57291757 | AA73: =-AVERAGE('cons 2023 - 2025'!D74:AM74)*12 -> 2.3333333 | AB73: =I73*0.2 -> 26.664 | AC73: =SQRT((2*AA73*'⚙ Assumptions'!$B$3)/AB73) -> 5.1237316 | AD73: =Z73 -> 0.57291757 | AE73: =Z73+AC73 -> 5.6966491 | AF73: =AA73/AC73 -> 0.45539726
A74: 91500101 | B74: Support tendeur Housseuse | C74: PC | D74: =VLOOKUP(A74,'Lead Time'!$A$2:$C$1180,3,0) -> Local | E74: =VLOOKUP(A74,Classification!$A$2:$D$1180,4,0) -> C | F74: =VLOOKUP(A74,Classification!$A$2:$E$1180,5,0) -> L | G74: =VLOOKUP(A74,'Lead Time'!$A$2:$D$1180,4,0) -> 26 | H74: =G74/30 -> 0.86666667 | I74: =VLOOKUP(A74,Classification!$A$2:$F$1180,6,0) -> 133.32 | J74: =-SUM('cons 2023 - 2025'!D75:AM75) -> 1 | K74: =-_xlfn.MINIFS('cons 2023 - 2025'!D75:AM75,'cons 2023 - 2025'!D75:AM75,"<>0") -> 1 | L74: =-_xlfn.MAXIFS('cons 2023 - 2025'!D75:AM75,'cons 2023 - 2025'!D75:AM75,"<>0") -> 1 | M74: =COUNTIF('cons 2023 - 2025'!D75:AM75,"<>0") -> 1 | N74: =-AVERAGE('cons 2023 - 2025'!D75:AM75) -> 0.027777778 | O74: =J74/M74 -> 1 | P74: =_xlfn.STDEV.S('cons 2023 - 2025'!D75:AM75) -> 0.16666667 | Q74: =-AVERAGE('cons 2023 - 2025'!D75:AM75)/'⚙ Assumptions'!$B$5 -> 0.0012626263 | R74: =_xlfn.STDEV.S('cons 2023 - 2025'!D75:AM75)/SQRT('⚙ Assumptions'!$B$5) -> 0.035533453 | S74: =-IF(AVERAGE('cons 2023 - 2025'!D75:AM75)=0,"",_xlfn.STDEV.S('cons 2023 - 2025'!D75:AM75)/AVERAGE('cons 2023 - 2025'!D75:AM75)) -> 6 | T74: =IF(ISBLANK(S74),"Z", IF(S74<=0.25,"X", IF(S74<=0.5,"Y","Z"))) -> Z | U74: =IF(E74="B",0.95,IF(E74="C",0.9,0.98)) -> 0.9 | V74: =IF(E74="B",1.65,1.28) -> 1.28 | W74: =V74*R74*SQRT(G74) -> 0.23191778 | X74: =V74*P74*SQRT(H74) -> 0.19860253 | Y74: =Q74*G74+W74 -> 0.26474607 | Z74: =N74*H74+X74 -> 0.2226766 | AA74: =-AVERAGE('cons 2023 - 2025'!D75:AM75)*12 -> 0.33333333 | AB74: =I74*0.2 -> 26.664 | AC74: =SQRT((2*AA74*'⚙ Assumptions'!$B$3)/AB74) -> 1.9365885 | AD74: =Z74 -> 0.2226766 | AE74: =Z74+AC74 -> 2.1592651 | AF74: =AA74/AC74 -> 0.17212399
... A80: 91300023 | B80: AXE RENVOI AIGUILLEUR SAC DIAM 25 | C80: PC | D80: =VLOOKUP(A80,'Lead Time'!$A$2:$C$1180,3,0) -> Local | E80: =VLOOKUP(A80,Classification!$A$2:$D$1180,4,0) -> C | F80: =VLOOKUP(A80,Classification!$A$2:$E$1180,5,0) -> L | G80: =VLOOKUP(A80,'Lead Time'!$A$2:$D$1180,4,0) -> 33 | H80: =G80/30 -> 1.1 | I80: =VLOOKUP(A80,Classification!$A$2:$F$1180,6,0) -> 131.285 | J80: =-SUM('cons 2023 - 2025'!D81:AM81) -> 4 | K80: =-_xlfn.MINIFS('cons 2023 - 2025'!D81:AM81,'cons 2023 - 2025'!D81:AM81,"<>0") -> 2 | L80: =-_xlfn.MAXIFS('cons 2023 - 2025'!D81:AM81,'cons 2023 - 2025'!D81:AM81,"<>0") -> 1 | M80: =COUNTIF('cons 2023 - 2025'!D81:AM81,"<>0") -> 3 | N80: =-AVERAGE('cons 2023 - 2025'!D81:AM81) -> 0.11111111 | O80: =J80/M80 -> 1.3333333 | P80: =_xlfn.STDEV.S('cons 2023 - 2025'!D81:AM81) -> 0.39840954 | Q80: =-AVERAGE('cons 2023 - 2025'!D81:AM81)/'⚙ Assumptions'!$B$5 -> 0.0050505051 | R80: =_xlfn.STDEV.S('cons 2023 - 2025'!D81:AM81)/SQRT('⚙ Assumptions'!$B$5) -> 0.084941199 | S80: =-IF(AVERAGE('cons 2023 - 2025'!D81:AM81)=0,"",_xlfn.STDEV.S('cons 2023 - 2025'!D81:AM81)/AVERAGE('cons 2023 - 2025'!D81:AM81)) -> 3.5856858 | T80: =IF(ISBLANK(S80),"Z", IF(S80<=0.25,"X", IF(S80<=0.5,"Y","Z"))) -> Z | U80: =IF(E80="B",0.95,IF(E80="C",0.9,0.98)) -> 0.9 | V80: =IF(E80="B",1.65,1.28) -> 1.28 | W80: =V80*R80*SQRT(G80) -> 0.62457605 | X80: =V80*P80*SQRT(H80) -> 0.53485497 | Y80: =Q80*G80+W80 -> 0.79124271 | Z80: =N80*H80+X80 -> 0.65707719 | AA80: =-AVERAGE('cons 2023 - 2025'!D81:AM81)*12 -> 1.3333333 | AB80: =I80*0.2 -> 26.257 | AC80: =SQRT((2*AA80*'⚙ Assumptions'!$B$3)/AB80) -> 3.9030799 | AD80: =Z80 -> 0.65707719 | AE80: =Z80+AC80 -> 4.5601571 | AF80: =AA80/AC80 -> 0.34161056
A81: 88050015 | B81: Plaque de calage Prt: 10274341 | C81: PC | E81: =VLOOKUP(A81,Classification!$A$2:$D$1180,4,0) -> C | F81: =VLOOKUP(A81,Classification!$A$2:$E$1180,5,0) -> L | G81: =VLOOKUP(A81,'Lead Time'!$A$2:$D$1180,4,0) -> 44 | H81: =G81/30 -> 1.4666667 | I81: =VLOOKUP(A81,Classification!$A$2:$F$1180,6,0) -> 131.068 | J81: =-SUM('cons 2023 - 2025'!D82:AM82) -> 2 | K81: =-_xlfn.MINIFS('cons 2023 - 2025'!D82:AM82,'cons 2023 - 2025'!D82:AM82,"<>0") -> 2 | L81: =-_xlfn.MAXIFS('cons 2023 - 2025'!D82:AM82,'cons 2023 - 2025'!D82:AM82,"<>0") -> 2 | M81: =COUNTIF('cons 2023 - 2025'!D82:AM82,"<>0") -> 1 | N81: =-AVERAGE('cons 2023 - 2025'!D82:AM82) -> 0.055555556 | O81: =J81/M81 -> 2 | P81: =_xlfn.STDEV.S('cons 2023 - 2025'!D82:AM82) -> 0.33333333 | Q81: =-AVERAGE('cons 2023 - 2025'!D82:AM82)/'⚙ Assumptions'!$B$5 -> 0.0025252525 | R81: =_xlfn.STDEV.S('cons 2023 - 2025'!D82:AM82)/SQRT('⚙ Assumptions'!$B$5) -> 0.071066905 | S81: =-IF(AVERAGE('cons 2023 - 2025'!D82:AM82)=0,"",_xlfn.STDEV.S('cons 2023 - 2025'!D82:AM82)/AVERAGE('cons 2023 - 2025'!D82:AM82)) -> 6 | T81: =IF(ISBLANK(S81),"Z", IF(S81<=0.25,"X", IF(S81<=0.5,"Y","Z"))) -> Z | U81: =IF(E81="B",0.95,IF(E81="C",0.9,0.98)) -> 0.9 | V81: =IF(E81="B",1.65,1.28) -> 1.28 | W81: =V81*R81*SQRT(G81) -> 0.60339779 | X81: =V81*P81*SQRT(H81) -> 0.51671899 | Y81: =Q81*G81+W81 -> 0.7145089 | Z81: =N81*H81+X81 -> 0.59820048 | AA81: =-AVERAGE('cons 2023 - 2025'!D82:AM82)*12 -> 0.66666667 | AB81: =I81*0.2 -> 26.2136 | AC81: =SQRT((2*AA81*'⚙ Assumptions'!$B$3)/AB81) -> 2.762178 | AD81: =Z81 -> 0.59820048 | AE81: =Z81+AC81 -> 3.3603785 | AF81: =AA81/AC81 -> 0.24135543
A82: 43200015 | B82: ELECTRODE JA 01 SUPER COUPE D3,2 | C82: PAQ | D82: =VLOOKUP(A82,'Lead Time'!$A$2:$C$1180,3,0) -> Local | E82: =VLOOKUP(A82,Classification!$A$2:$D$1180,4,0) -> C | F82: =VLOOKUP(A82,Classification!$A$2:$E$1180,5,0) -> M | G82: =VLOOKUP(A82,'Lead Time'!$A$2:$D$1180,4,0) -> 23.823529 | H82: =G82/30 -> 0.79411765 | I82: =VLOOKUP(A82,Classification!$A$2:$F$1180,6,0) -> 130.672 | J82: =-SUM('cons 2023 - 2025'!D83:AM83) -> 23 | K82: =-_xlfn.MINIFS('cons 2023 - 2025'!D83:AM83,'cons 2023 - 2025'!D83:AM83,"<>0") -> 7 | L82: =-_xlfn.MAXIFS('cons 2023 - 2025'!D83:AM83,'cons 2023 - 2025'!D83:AM83,"<>0") -> 1 | M82: =COUNTIF('cons 2023 - 2025'!D83:AM83,"<>0") -> 7 | N82: =-AVERAGE('cons 2023 - 2025'!D83:AM83) -> 0.63888889 | O82: =J82/M82 -> 3.2857143 | P82: =_xlfn.STDEV.S('cons 2023 - 2025'!D83:AM83) -> 1.6239771 | Q82: =-AVERAGE('cons 2023 - 2025'!D83:AM83)/'⚙ Assumptions'!$B$5 -> 0.029040404 | R82: =_xlfn.STDEV.S('cons 2023 - 2025'!D83:AM83)/SQRT('⚙ Assumptions'!$B$5) -> 0.34623308 | S82: =-IF(AVERAGE('cons 2023 - 2025'!D83:AM83)=0,"",_xlfn.STDEV.S('cons 2023 - 2025'!D83:AM83)/AVERAGE('cons 2023 - 2025'!D83:AM83)) -> 2.5418772 | T82: =IF(ISBLANK(S82),"Z", IF(S82<=0.25,"X", IF(S82<=0.5,"Y","Z"))) -> Z | U82: =IF(E82="B",0.95,IF(E82="C",0.9,0.98)) -> 0.9 | V82: =IF(E82="B",1.65,1.28) -> 1.28 | W82: =V82*R82*SQRT(G82) -> 2.1631248 | X82: =V82*P82*SQRT(H82) -> 1.8523894 | Y82: =Q82*G82+W82 -> 2.8549697 | Z82: =N82*H82+X82 -> 2.3597424 | AA82: =-AVERAGE('cons 2023 - 2025'!D83:AM83)*12 -> 7.6666667 | AB82: =I82*0.2 -> 26.1344 | AC82: =SQRT((2*AA82*'⚙ Assumptions'!$B$3)/AB82) -> 9.3811839 | AD82: =Z82 -> 2.3597424 | AE82: =Z82+AC82 -> 11.740926 | AF82: =AA82/AC82 -> 0.81723871
A83: 71240141 | B83: Rouleaux retour lisse Ø133x700A2 axe Ø25 | C83: PC | D83: =VLOOKUP(A83,'Lead Time'!$A$2:$C$1180,3,0) -> Local | E83: =VLOOKUP(A83,Classification!$A$2:$D$1180,4,0) -> C | F83: =VLOOKUP(A83,Classification!$A$2:$E$1180,5,0) -> M | G83: =VLOOKUP(A83,'Lead Time'!$A$2:$D$1180,4,0) -> 58 | H83: =G83/30 -> 1.9333333 | I83: =VLOOKUP(A83,Classification!$A$2:$F$1180,6,0) -> 130.008 | J83: =-SUM('cons 2023 - 2025'!D84:AM84) -> 11 | K83: =-_xlfn.MINIFS('cons 2023 - 2025'!D84:AM84,'cons 2023 - 2025'!D84:AM84,"<>0") -> 4 | L83: =-_xlfn.MAXIFS('cons 2023 - 2025'!D84:AM84,'cons 2023 - 2025'!D84:AM84,"<>0") -> 1 | M83: =COUNTIF('cons 2023 - 2025'!D84:AM84,"<>0") -> 6 | N83: =-AVERAGE('cons 2023 - 2025'!D84:AM84) -> 0.30555556 | O83: =J83/M83 -> 1.8333333 | P83: =_xlfn.STDEV.S('cons 2023 - 2025'!D84:AM84) -> 0.8218253 | Q83: =-AVERAGE('cons 2023 - 2025'!D84:AM84)/'⚙ Assumptions'!$B$5 -> 0.013888889 | R83: =_xlfn.STDEV.S('cons 2023 - 2025'!D84:AM84)/SQRT('⚙ Assumptions'!$B$5) -> 0.17521374 | S83: =-IF(AVERAGE('cons 2023 - 2025'!D84:AM84)=0,"",_xlfn.STDEV.S('cons 2023 - 2025'!D84:AM84)/AVERAGE('cons 2023 - 2025'!D84:AM84)) -> 2.6896101 | T83: =IF(ISBLANK(S83),"Z", IF(S83<=0.25,"X", IF(S83<=0.5,"Y","Z"))) -> Z | U83: =IF(E83="B",0.95,IF(E83="C",0.9,0.98)) -> 0.9 | V83: =IF(E83="B",1.65,1.28) -> 1.28 | W83: =V83*R83*SQRT(G83) -> 1.7080168 | X83: =V83*P83*SQRT(H83) -> 1.4626582 | Y83: =Q83*G83+W83 -> 2.5135723 | Z83: =N83*H83+X83 -> 2.0533989 | AA83: =-AVERAGE('cons 2023 - 2025'!D84:AM84)*12 -> 3.6666667 | AB83: =I83*0.2 -> 26.0016 | AC83: =SQRT((2*AA83*'⚙ Assumptions'!$B$3)/AB83) -> 6.5042362 | AD83: =Z83 -> 2.0533989 | AE83: =Z83+AC83 -> 8.5576352 | AF83: =AA83/AC83 -> 0.56373516
A84: 23010016 | B84: TUBE ACIER ROND SANS SOUDUR LONG6m 36/42 | C84: PC | D84: =VLOOKUP(A84,'Lead Time'!$A$2:$C$1180,3,0) -> Local | E84: =VLOOKUP(A84,Classification!$A$2:$D$1180,4,0) -> C | F84: =VLOOKUP(A84,Classification!$A$2:$E$1180,5,0) -> L | G84: =VLOOKUP(A84,'Lead Time'!$A$2:$D$1180,4,0) -> 11.2 | H84: =G84/30 -> 0.37333333 | I84: =VLOOKUP(A84,Classification!$A$2:$F$1180,6,0) -> 129.415 | J84: =-SUM('cons 2023 - 2025'!D85:AM85) -> 22 | K84: =-_xlfn.MINIFS('cons 2023 - 2025'!D85:AM85,'cons 2023 - 2025'!D85:AM85,"<>0") -> 12 | L84: =-_xlfn.MAXIFS('cons 2023 - 2025'!D85:AM85,'cons 2023 - 2025'!D85:AM85,"<>0") -> 1 | M84: =COUNTIF('cons 2023 - 2025'!D85:AM85,"<>0") -> 4 | N84: =-AVERAGE('cons 2023 - 2025'!D85:AM85) -> 0.61111111 | O84: =J84/M84 -> 5.5 | P84: =_xlfn.STDEV.S('cons 2023 - 2025'!D85:AM85) -> 2.2963048 | Q84: =-AVERAGE('cons 2023 - 2025'!D85:AM85)/'⚙ Assumptions'!$B$5 -> 0.027777778 | R84: =_xlfn.STDEV.S('cons 2023 - 2025'!D85:AM85)/SQRT('⚙ Assumptions'!$B$5) -> 0.48957383 | S84: =-IF(AVERAGE('cons 2023 - 2025'!D85:AM85)=0,"",_xlfn.STDEV.S('cons 2023 - 2025'!D85:AM85)/AVERAGE('cons 2023 - 2025'!D85:AM85)) -> 3.7575897 | T84: =IF(ISBLANK(S84),"Z", IF(S84<=0.25,"X", IF(S84<=0.5,"Y","Z"))) -> Z | U84: =IF(E84="B",0.95,IF(E84="C",0.9,0.98)) -> 0.9 | V84: =IF(E84="B",1.65,1.28) -> 1.28 | W84: =V84*R84*SQRT(G84) -> 2.0971871 | X84: =V84*P84*SQRT(H84) -> 1.7959237 | Y84: =Q84*G84+W84 -> 2.4082982 | Z84: =N84*H84+X84 -> 2.0240719 | AA84: =-AVERAGE('cons 2023 - 2025'!D85:AM85)*12 -> 7.3333333 | AB84: =I84*0.2 -> 25.883 | AC84: =SQRT((2*AA84*'⚙ Assumptions'!$B$3)/AB84) -> 9.2194292 | AD84: =Z84 -> 2.0240719 | AE84: =Z84+AC84 -> 11.243501 | AF84: =AA84/AC84 -> 0.79542162
A85: 91100458 | B85: Labyrinthe palier élévateur a bande | C85: PC | D85: =VLOOKUP(A85,'Lead Time'!$A$2:$C$1180,3,0) -> Local | E85: =VLOOKUP(A85,Classification!$A$2:$D$1180,4,0) -> C | F85: =VLOOKUP(A85,Classification!$A$2:$E$1180,5,0) -> L | G85: =VLOOKUP(A85,'Lead Time'!$A$2:$D$1180,4,0) -> 25 | H85: =G85/30 -> 0.83333333 | I85: =VLOOKUP(A85,Classification!$A$2:$F$1180,6,0) -> 129.28 | J85: =-SUM('cons 2023 - 2025'!D86:AM86) -> 6 | K85: =-_xlfn.MINIFS('cons 2023 - 2025'!D86:AM86,'cons 2023 - 2025'!D86:AM86,"<>0") -> 4 | L85: =-_xlfn.MAXIFS('cons 2023 - 2025'!D86:AM86,'cons 2023 - 2025'!D86:AM86,"<>0") -> 1 | M85: =COUNTIF('cons 2023 - 2025'!D86:AM86,"<>0") -> 3 | N85: =-AVERAGE('cons 2023 - 2025'!D86:AM86) -> 0.16666667 | O85: =J85/M85 -> 2 | P85: =_xlfn.STDEV.S('cons 2023 - 2025'!D86:AM86) -> 0.69693205 | Q85: =-AVERAGE('cons 2023 - 2025'!D86:AM86)/'⚙ Assumptions'!$B$5 -> 0.0075757576 | R85: =_xlfn.STDEV.S('cons 2023 - 2025'!D86:AM86)/SQRT('⚙ Assumptions'!$B$5) -> 0.14858641 | S85: =-IF(AVERAGE('cons 2023 - 2025'!D86:AM86)=0,"",_xlfn.STDEV.S('cons 2023 - 2025'!D86:AM86)/AVERAGE('cons 2023 - 2025'!D86:AM86)) -> 4.1815923 | T85: =IF(ISBLANK(S85),"Z", IF(S85<=0.25,"X", IF(S85<=0.5,"Y","Z"))) -> Z | U85: =IF(E85="B",0.95,IF(E85="C",0.9,0.98)) -> 0.9 | V85: =IF(E85="B",1.65,1.28) -> 1.28 | W85: =V85*R85*SQRT(G85) -> 0.95095304 | X85: =V85*P85*SQRT(H85) -> 0.81434753 | Y85: =Q85*G85+W85 -> 1.140347 | Z85: =N85*H85+X85 -> 0.95323642 | AA85: =-AVERAGE('cons 2023 - 2025'!D86:AM86)*12 -> 2 | AB85: =I85*0.2 -> 25.856 | AC85: =SQRT((2*AA85*'⚙ Assumptions'!$B$3)/AB85) -> 4.8172031 | AD85: =Z85 -> 0.95323642 | AE85: =Z85+AC85 -> 5.7704395 | AF85: =AA85/AC85 -> 0.41517868
A86: 23170003 | B86: FLEXIBLE ACCORDIEN DIM 150mm | C86: M | D86: =VLOOKUP(A86,'Lead Time'!$A$2:$C$1180,3,0) -> Local | E86: =VLOOKUP(A86,Classification!$A$2:$D$1180,4,0) -> C | F86: =VLOOKUP(A86,Classification!$A$2:$E$1180,5,0) -> L | G86: =VLOOKUP(A86,'Lead Time'!$A$2:$D$1180,4,0) -> 35.666667 | H86: =G86/30 -> 1.1888889 | I86: =VLOOKUP(A86,Classification!$A$2:$F$1180,6,0) -> 129.161 | J86: =-SUM('cons 2023 - 2025'!D87:AM87) -> 7.5 | K86: =-_xlfn.MINIFS('cons 2023 - 2025'!D87:AM87,'cons 2023 - 2025'!D87:AM87,"<>0") -> 3 | L86: =-_xlfn.MAXIFS('cons 2023 - 2025'!D87:AM87,'cons 2023 - 2025'!D87:AM87,"<>0") -> 1.5 | M86: =COUNTIF('cons 2023 - 2025'!D87:AM87,"<>0") -> 3 | N86: =-AVERAGE('cons 2023 - 2025'!D87:AM87) -> 0.20833333 | O86: =J86/M86 -> 2.5 | P86: =_xlfn.STDEV.S('cons 2023 - 2025'!D87:AM87) -> 0.73070416 | Q86: =-AVERAGE('cons 2023 - 2025'!D87:AM87)/'⚙ Assumptions'!$B$5 -> 0.009469697 | R86: =_xlfn.STDEV.S('cons 2023 - 2025'!D87:AM87)/SQRT('⚙ Assumptions'!$B$5) -> 0.15578665 | S86: =-IF(AVERAGE('cons 2023 - 2025'!D87:AM87)=0,"",_xlfn.STDEV.S('cons 2023 - 2025'!D87:AM87)/AVERAGE('cons 2023 - 2025'!D87:AM87)) -> 3.50738 | T86: =IF(ISBLANK(S86),"Z", IF(S86<=0.25,"X", IF(S86<=0.5,"Y","Z"))) -> Z | U86: =IF(E86="B",0.95,IF(E86="C",0.9,0.98)) -> 0.9 | V86: =IF(E86="B",1.65,1.28) -> 1.28 | W86: =V86*R86*SQRT(G86) -> 1.1908895 | X86: =V86*P86*SQRT(H86) -> 1.0198169 | Y86: =Q86*G86+W86 -> 1.528642 | Z86: =N86*H86+X86 -> 1.267502 | AA86: =-AVERAGE('cons 2023 - 2025'!D87:AM87)*12 -> 2.5 | AB86: =I86*0.2 -> 25.8322 | AC86: =SQRT((2*AA86*'⚙ Assumptions'!$B$3)/AB86) -> 5.3882773 | AD86: =Z86 -> 1.267502 | AE86: =Z86+AC86 -> 6.6557793 | AF86: =AA86/AC86 -> 0.46397019
A87: 65050257 | B87: RLT CUC 206 | C87: PC | D87: =VLOOKUP(A87,'Lead Time'!$A$2:$C$1180,3,0) -> Mixed Source | E87: =VLOOKUP(A87,Classification!$A$2:$D$1180,4,0) -> C | F87: =VLOOKUP(A87,Classification!$A$2:$E$1180,5,0) -> L | G87: =VLOOKUP(A87,'Lead Time'!$A$2:$D$1180,4,0) -> 77.666667 | H87: =G87/30 -> 2.5888889 | I87: =VLOOKUP(A87,Classification!$A$2:$F$1180,6,0) -> 128.902 | J87: =-SUM('cons 2023 - 2025'!D88:AM88) -> 3 | K87: =-_xlfn.MINIFS('cons 2023 - 2025'!D88:AM88,'cons 2023 - 2025'!D88:AM88,"<>0") -> 3 | L87: =-_xlfn.MAXIFS('cons 2023 - 2025'!D88:AM88,'cons 2023 - 2025'!D88:AM88,"<>0") -> 3 | M87: =COUNTIF('cons 2023 - 2025'!D88:AM88,"<>0") -> 1 | N87: =-AVERAGE('cons 2023 - 2025'!D88:AM88) -> 0.083333333 | O87: =J87/M87 -> 3 | P87: =_xlfn.STDEV.S('cons 2023 - 2025'!D88:AM88) -> 0.5 | Q87: =-AVERAGE('cons 2023 - 2025'!D88:AM88)/'⚙ Assumptions'!$B$5 -> 0.0037878788 | R87: =_xlfn.STDEV.S('cons 2023 - 2025'!D88:AM88)/SQRT('⚙ Assumptions'!$B$5) -> 0.10660036 | S87: =-IF(AVERAGE('cons 2023 - 2025'!D88:AM88)=0,"",_xlfn.STDEV.S('cons 2023 - 2025'!D88:AM88)/AVERAGE('cons 2023 - 2025'!D88:AM88)) -> 6 | T87: =IF(ISBLANK(S87),"Z", IF(S87<=0.25,"X", IF(S87<=0.5,"Y","Z"))) -> Z | U87: =IF(E87="B",0.95,IF(E87="C",0.9,0.98)) -> 0.9 | V87: =IF(E87="B",1.65,1.28) -> 1.28 | W87: =V87*R87*SQRT(G87) -> 1.2025024 | X87: =V87*P87*SQRT(H87) -> 1.0297616 | Y87: =Q87*G87+W87 -> 1.4966944 | Z87: =N87*H87+X87 -> 1.2455023 | AA87: =-AVERAGE('cons 2023 - 2025'!D88:AM88)*12 -> 1 | AB87: =I87*0.2 -> 25.7804 | AC87: =SQRT((2*AA87*'⚙ Assumptions'!$B$3)/AB87) -> 3.4112677 | AD87: =Z87 -> 1.2455023 | AE87: =Z87+AC87 -> 4.65677 | AF87: =AA87/AC87 -> 0.29314615
A88: 77020019 | B88: MANCHE FILTRE 165x3375 Nomex NXV 560 | C88: PC | D88: =VLOOKUP(A88,'Lead Time'!$A$2:$C$1180,3,0) -> Mixed Source | E88: =VLOOKUP(A88,Classification!$A$2:$D$1180,4,0) -> C | F88: =VLOOKUP(A88,Classification!$A$2:$E$1180,5,0) -> M | G88: =VLOOKUP(A88,'Lead Time'!$A$2:$D$1180,4,0) -> 26.571429 | H88: =G88/30 -> 0.88571429 | I88: =VLOOKUP(A88,Classification!$A$2:$F$1180,6,0) -> 128.747 | J88: =-SUM('cons 2023 - 2025'!D89:AM89) -> 655 | K88: =-_xlfn.MINIFS('cons 2023 - 2025'!D89:AM89,'cons 2023 - 2025'!D89:AM89,"<>0") -> 155 | L88: =-_xlfn.MAXIFS('cons 2023 - 2025'!D89:AM89,'cons 2023 - 2025'!D89:AM89,"<>0") -> 8 | M88: =COUNTIF('cons 2023 - 2025'!D89:AM89,"<>0") -> 11 | N88: =-AVERAGE('cons 2023 - 2025'!D89:AM89) -> 18.194444 | O88: =J88/M88 -> 59.545455 | P88: =_xlfn.STDEV.S('cons 2023 - 2025'!D89:AM89) -> 38.364284 | Q88: =-AVERAGE('cons 2023 - 2025'!D89:AM89)/'⚙ Assumptions'!$B$5 -> 0.8270202 | R88: =_xlfn.STDEV.S('cons 2023 - 2025'!D89:AM89)/SQRT('⚙ Assumptions'!$B$5) -> 8.1792927 | S88: =-IF(AVERAGE('cons 2023 - 2025'!D89:AM89)=0,"",_xlfn.STDEV.S('cons 2023 - 2025'!D89:AM89)/AVERAGE('cons 2023 - 2025'!D89:AM89)) -> 2.1085713 | T88: =IF(ISBLANK(S88),"Z", IF(S88<=0.25,"X", IF(S88<=0.5,"Y","Z"))) -> Z | U88: =IF(E88="B",0.95,IF(E88="C",0.9,0.98)) -> 0.9 | V88: =IF(E88="B",1.65,1.28) -> 1.28 | W88: =V88*R88*SQRT(G88) -> 53.967609 | X88: =V88*P88*SQRT(H88) -> 46.215099 | Y88: =Q88*G88+W88 -> 75.942717 | Z88: =N88*H88+X88 -> 62.330178 | AA88: =-AVERAGE('cons 2023 - 2025'!D89:AM89)*12 -> 218.33333 | AB88: =I88*0.2 -> 25.7494 | AC88: =SQRT((2*AA88*'⚙ Assumptions'!$B$3)/AB88) -> 50.435589 | AD88: =Z88 -> 62.330178 | AE88: =Z88+AC88 -> 112.76577 | AF88: =AA88/AC88 -> 4.3289538
A89: 65040031 | B89: RLT a rotule 22208 CC/W33 | C89: PC | D89: =VLOOKUP(A89,'Lead Time'!$A$2:$C$1180,3,0) -> Local | E89: =VLOOKUP(A89,Classification!$A$2:$D$1180,4,0) -> C | F89: =VLOOKUP(A89,Classification!$A$2:$E$1180,5,0) -> L | G89: =VLOOKUP(A89,'Lead Time'!$A$2:$D$1180,4,0) -> 20 | H89: =G89/30 -> 0.66666667 | I89: =VLOOKUP(A89,Classification!$A$2:$F$1180,6,0) -> 128.7 | J89: =-SUM('cons 2023 - 2025'!D90:AM90) -> 3 | K89: =-_xlfn.MINIFS('cons 2023 - 2025'!D90:AM90,'cons 2023 - 2025'!D90:AM90,"<>0") -> 3 | L89: =-_xlfn.MAXIFS('cons 2023 - 2025'!D90:AM90,'cons 2023 - 2025'!D90:AM90,"<>0") -> 3 | M89: =COUNTIF('cons 2023 - 2025'!D90:AM90,"<>0") -> 1 | N89: =-AVERAGE('cons 2023 - 2025'!D90:AM90) -> 0.083333333 | O89: =J89/M89 -> 3 | P89: =_xlfn.STDEV.S('cons 2023 - 2025'!D90:AM90) -> 0.5 | Q89: =-AVERAGE('cons 2023 - 2025'!D90:AM90)/'⚙ Assumptions'!$B$5 -> 0.0037878788 | R89: =_xlfn.STDEV.S('cons 2023 - 2025'!D90:AM90)/SQRT('⚙ Assumptions'!$B$5) -> 0.10660036 | S89: =-IF(AVERAGE('cons 2023 - 2025'!D90:AM90)=0,"",_xlfn.STDEV.S('cons 2023 - 2025'!D90:AM90)/AVERAGE('cons 2023 - 2025'!D90:AM90)) -> 6 | T89: =IF(ISBLANK(S89),"Z", IF(S89<=0.25,"X", IF(S89<=0.5,"Y","Z"))) -> Z | U89: =IF(E89="B",0.95,IF(E89="C",0.9,0.98)) -> 0.9 | V89: =IF(E89="B",1.65,1.28) -> 1.28 | W89: =V89*R89*SQRT(G89) -> 0.61021606 | X89: =V89*P89*SQRT(H89) -> 0.52255781 | Y89: =Q89*G89+W89 -> 0.68597363 | Z89: =N89*H89+X89 -> 0.57811337 | AA89: =-AVERAGE('cons 2023 - 2025'!D90:AM90)*12 -> 1 | AB89: =I89*0.2 -> 25.74 | AC89: =SQRT((2*AA89*'⚙ Assumptions'!$B$3)/AB89) -> 3.4139437 | AD89: =Z89 -> 0.57811337 | AE89: =Z89+AC89 -> 3.9920571 | AF89: =AA89/AC89 -> 0.29291637
A90: 71240009 | B90: Rouleau station inversé bande 800 | C90: PC | D90: =VLOOKUP(A90,'Lead Time'!$A$2:$C$1180,3,0) -> Local | E90: =VLOOKUP(A90,Classification!$A$2:$D$1180,4,0) -> C | F90: =VLOOKUP(A90,Classification!$A$2:$E$1180,5,0) -> M | G90: =VLOOKUP(A90,'Lead Time'!$A$2:$D$1180,4,0) -> 97.333333 | H90: =G90/30 -> 3.2444444 | I90: =VLOOKUP(A90,Classification!$A$2:$F$1180,6,0) -> 127.741 | J90: =-SUM('cons 2023 - 2025'!D91:AM91) -> 21 | K90: =-_xlfn.MINIFS('cons 2023 - 2025'!D91:AM91,'cons 2023 - 2025'!D91:AM91,"<>0") -> 3 | L90: =-_xlfn.MAXIFS('cons 2023 - 2025'!D91:AM91,'cons 2023 - 2025'!D91:AM91,"<>0") -> 1 | M90: =COUNTIF('cons 2023 - 2025'!D91:AM91,"<>0") -> 11 | N90: =-AVERAGE('cons 2023 - 2025'!D91:AM91) -> 0.58333333 | O90: =J90/M90 -> 1.9090909 | P90: =_xlfn.STDEV.S('cons 2023 - 2025'!D91:AM91) -> 0.96732326 | Q90: =-AVERAGE('cons 2023 - 2025'!D91:AM91)/'⚙ Assumptions'!$B$5 -> 0.026515152 | R90: =_xlfn.STDEV.S('cons 2023 - 2025'!D91:AM91)/SQRT('⚙ Assumptions'!$B$5) -> 0.20623401 | S90: =-IF(AVERAGE('cons 2023 - 2025'!D91:AM91)=0,"",_xlfn.STDEV.S('cons 2023 - 2025'!D91:AM91)/AVERAGE('cons 2023 - 2025'!D91:AM91)) -> 1.6582684 | T90: =IF(ISBLANK(S90),"Z", IF(S90<=0.25,"X", IF(S90<=0.5,"Y","Z"))) -> Z | U90: =IF(E90="B",0.95,IF(E90="C",0.9,0.98)) -> 0.9 | V90: =IF(E90="B",1.65,1.28) -> 1.28 | W90: =V90*R90*SQRT(G90) -> 2.6043602 | X90: =V90*P90*SQRT(H90) -> 2.2302409 | Y90: =Q90*G90+W90 -> 5.1851683 | Z90: =N90*H90+X90 -> 4.1228335 | AA90: =-AVERAGE('cons 2023 - 2025'!D91:AM91)*12 -> 7 | AB90: =I90*0.2 -> 25.5482 | AC90: =SQRT((2*AA90*'⚙ Assumptions'!$B$3)/AB90) -> 9.0662876 | AD90: =Z90 -> 4.1228335 | AE90: =Z90+AC90 -> 13.189121 | AF90: =AA90/AC90 -> 0.7720911
A91: 71230006 | B91: ROULEAU RET.BANDE LARG. 650 (380/89/133) | C91: PC | D91: =VLOOKUP(A91,'Lead Time'!$A$2:$C$1180,3,0) -> Local | E91: =VLOOKUP(A91,Classification!$A$2:$D$1180,4,0) -> C | F91: =VLOOKUP(A91,Classification!$A$2:$E$1180,5,0) -> M | G91: =VLOOKUP(A91,'Lead Time'!$A$2:$D$1180,4,0) -> 67 | H91: =G91/30 -> 2.2333333 | I91: =VLOOKUP(A91,Classification!$A$2:$F$1180,6,0) -> 127.5 | J91: =-SUM('cons 2023 - 2025'!D92:AM92) -> 58 | K91: =-_xlfn.MINIFS('cons 2023 - 2025'!D92:AM92,'cons 2023 - 2025'!D92:AM92,"<>0") -> 12 | L91: =-_xlfn.MAXIFS('cons 2023 - 2025'!D92:AM92,'cons 2023 - 2025'!D92:AM92,"<>0") -> 1 | M91: =COUNTIF('cons 2023 - 2025'!D92:AM92,"<>0") -> 11 | N91: =-AVERAGE('cons 2023 - 2025'!D92:AM92) -> 1.6111111 | O91: =J91/M91 -> 5.2727273 | P91: =_xlfn.STDEV.S('cons 2023 - 2025'!D92:AM92) -> 3.2800503 | Q91: =-AVERAGE('cons 2023 - 2025'!D92:AM92)/'⚙ Assumptions'!$B$5 -> 0.073232323 | R91: =_xlfn.STDEV.S('cons 2023 - 2025'!D92:AM92)/SQRT('⚙ Assumptions'!$B$5) -> 0.69930908 | S91: =-IF(AVERAGE('cons 2023 - 2025'!D92:AM92)=0,"",_xlfn.STDEV.S('cons 2023 - 2025'!D92:AM92)/AVERAGE('cons 2023 - 2025'!D92:AM92)) -> 2.0358933 | T91: =IF(ISBLANK(S91),"Z", IF(S91<=0.25,"X", IF(S91<=0.5,"Y","Z"))) -> Z | U91: =IF(E91="B",0.95,IF(E91="C",0.9,0.98)) -> 0.9 | V91: =IF(E91="B",1.65,1.28) -> 1.28 | W91: =V91*R91*SQRT(G91) -> 7.3268371 | X91: =V91*P91*SQRT(H91) -> 6.2743285 | Y91: =Q91*G91+W91 -> 12.233403 | Z91: =N91*H91+X91 -> 9.8724766 | AA91: =-AVERAGE('cons 2023 - 2025'!D92:AM92)*12 -> 19.333333 | AB91: =I91*0.2 -> 25.5 | AC91: =SQRT((2*AA91*'⚙ Assumptions'!$B$3)/AB91) -> 15.081478 | AD91: =Z91 -> 9.8724766 | AE91: =Z91+AC91 -> 24.953955 | AF91: =AA91/AC91 -> 1.2819256
A92: 59150002 | B92: CONTACTEUR AUX 125V CC LPL -REF-CAD50GD | C92: PC | D92: =VLOOKUP(A92,'Lead Time'!$A$2:$C$1180,3,0) -> Local | E92: =VLOOKUP(A92,Classification!$A$2:$D$1180,4,0) -> C | F92: =VLOOKUP(A92,Classification!$A$2:$E$1180,5,0) -> L | G92: =VLOOKUP(A92,'Lead Time'!$A$2:$D$1180,4,0) -> 239 | H92: =G92/30 -> 7.9666667 | I92: =VLOOKUP(A92,Classification!$A$2:$F$1180,6,0) -> 127.493 | J92: =-SUM('cons 2023 - 2025'!D93:AM93) -> 4 | K92: =-_xlfn.MINIFS('cons 2023 - 2025'!D93:AM93,'cons 2023 - 2025'!D93:AM93,"<>0") -> 4 | L92: =-_xlfn.MAXIFS('cons 2023 - 2025'!D93:AM93,'cons 2023 - 2025'!D93:AM93,"<>0") -> 4 | M92: =COUNTIF('cons 2023 - 2025'!D93:AM93,"<>0") -> 1 | N92: =-AVERAGE('cons 2023 - 2025'!D93:AM93) -> 0.11111111 | O92: =J92/M92 -> 4 | P92: =_xlfn.STDEV.S('cons 2023 - 2025'!D93:AM93) -> 0.66666667 | Q92: =-AVERAGE('cons 2023 - 2025'!D93:AM93)/'⚙ Assumptions'!$B$5 -> 0.0050505051 | R92: =_xlfn.STDEV.S('cons 2023 - 2025'!D93:AM93)/SQRT('⚙ Assumptions'!$B$5) -> 0.14213381 | S92: =-IF(AVERAGE('cons 2023 - 2025'!D93:AM93)=0,"",_xlfn.STDEV.S('cons 2023 - 2025'!D93:AM93)/AVERAGE('cons 2023 - 2025'!D93:AM93)) -> 6 | T92: =IF(ISBLANK(S92),"Z", IF(S92<=0.25,"X", IF(S92<=0.5,"Y","Z"))) -> Z | U92: =IF(E92="B",0.95,IF(E92="C",0.9,0.98)) -> 0.9 | V92: =IF(E92="B",1.65,1.28) -> 1.28 | W92: =V92*R92*SQRT(G92) -> 2.8125893 | X92: =V92*P92*SQRT(H92) -> 2.4085576 | Y92: =Q92*G92+W92 -> 4.01966 | Z92: =N92*H92+X92 -> 3.2937428 | AA92: =-AVERAGE('cons 2023 - 2025'!D93:AM93)*12 -> 1.3333333 | AB92: =I92*0.2 -> 25.4986 | AC92: =SQRT((2*AA92*'⚙ Assumptions'!$B$3)/AB92) -> 3.9606989 | AD92: =Z92 -> 3.2937428 | AE92: =Z92+AC92 -> 7.2544417 | AF92: =AA92/AC92 -> 0.33664092
A93: 71270008 | B93: Bavette EP5mm 65 SCHORES | C93: M | D93: =VLOOKUP(A93,'Lead Time'!$A$2:$C$1180,3,0) -> Local | E93: =VLOOKUP(A93,Classification!$A$2:$D$1180,4,0) -> C | F93: =VLOOKUP(A93,Classification!$A$2:$E$1180,5,0) -> M | G93: =VLOOKUP(A93,'Lead Time'!$A$2:$D$1180,4,0) -> 31 | H93: =G93/30 -> 1.0333333 | I93: =VLOOKUP(A93,Classification!$A$2:$F$1180,6,0) -> 126.532 | J93: =-SUM('cons 2023 - 2025'!D94:AM94) -> 39 | K93: =-_xlfn.MINIFS('cons 2023 - 2025'!D94:AM94,'cons 2023 - 2025'!D94:AM94,"<>0") -> 10 | L93: =-_xlfn.MAXIFS('cons 2023 - 2025'!D94:AM94,'cons 2023 - 2025'!D94:AM94,"<>0") -> 1 | M93: =COUNTIF('cons 2023 - 2025'!D94:AM94,"<>0") -> 10 | N93: =-AVERAGE('cons 2023 - 2025'!D94:AM94) -> 1.0833333 | O93: =J93/M93 -> 3.9 | P93: =_xlfn.STDEV.S('cons 2023 - 2025'!D94:AM94) -> 2.2975142 | Q93: =-AVERAGE('cons 2023 - 2025'!D94:AM94)/'⚙ Assumptions'!$B$5 -> 0.049242424 | R93: =_xlfn.STDEV.S('cons 2023 - 2025'!D94:AM94)/SQRT('⚙ Assumptions'!$B$5) -> 0.48983167 | S93: =-IF(AVERAGE('cons 2023 - 2025'!D94:AM94)=0,"",_xlfn.STDEV.S('cons 2023 - 2025'!D94:AM94)/AVERAGE('cons 2023 - 2025'!D94:AM94)) -> 2.1207823 | T93: =IF(ISBLANK(S93),"Z", IF(S93<=0.25,"X", IF(S93<=0.5,"Y","Z"))) -> Z | U93: =IF(E93="B",0.95,IF(E93="C",0.9,0.98)) -> 0.9 | V93: =IF(E93="B",1.65,1.28) -> 1.28 | W93: =V93*R93*SQRT(G93) -> 3.4909022 | X93: =V93*P93*SQRT(H93) -> 2.98943 | Y93: =Q93*G93+W93 -> 5.0174173 | Z93: =N93*H93+X93 -> 4.1088745 | AA93: =-AVERAGE('cons 2023 - 2025'!D94:AM94)*12 -> 13 | AB93: =I93*0.2 -> 25.3064 | AC93: =SQRT((2*AA93*'⚙ Assumptions'!$B$3)/AB93) -> 12.414154 | AD93: =Z93 -> 4.1088745 | AE93: =Z93+AC93 -> 16.523028 | AF93: =AA93/AC93 -> 1.0471918
A94: 79210036 | B94: FEUILLE EN JAUNE 1400*10m DUR38-42 EP3mm | C94: M | D94: =VLOOKUP(A94,'Lead Time'!$A$2:$C$1180,3,0) -> Local | E94: =VLOOKUP(A94,Classification!$A$2:$D$1180,4,0) -> C | F94: =VLOOKUP(A94,Classification!$A$2:$E$1180,5,0) -> L | G94: =VLOOKUP(A94,'Lead Time'!$A$2:$D$1180,4,0) -> 46 | H94: =G94/30 -> 1.5333333 | I94: =VLOOKUP(A94,Classification!$A$2:$F$1180,6,0) -> 126.5 | J94: =-SUM('cons 2023 - 2025'!D95:AM95) -> 19 | K94: =-_xlfn.MINIFS('cons 2023 - 2025'!D95:AM95,'cons 2023 - 2025'!D95:AM95,"<>0") -> 3 | L94: =-_xlfn.MAXIFS('cons 2023 - 2025'!D95:AM95,'cons 2023 - 2025'!D95:AM95,"<>0") -> 1 | M94: =COUNTIF('cons 2023 - 2025'!D95:AM95,"<>0") -> 8 | N94: =-AVERAGE('cons 2023 - 2025'!D95:AM95) -> 0.52777778 | O94: =J94/M94 -> 2.375 | P94: =_xlfn.STDEV.S('cons 2023 - 2025'!D95:AM95) -> 1.0552213 | Q94: =-AVERAGE('cons 2023 - 2025'!D95:AM95)/'⚙ Assumptions'!$B$5 -> 0.023989899 | R94: =_xlfn.STDEV.S('cons 2023 - 2025'!D95:AM95)/SQRT('⚙ Assumptions'!$B$5) -> 0.22497394 | S94: =-IF(AVERAGE('cons 2023 - 2025'!D95:AM95)=0,"",_xlfn.STDEV.S('cons 2023 - 2025'!D95:AM95)/AVERAGE('cons 2023 - 2025'!D95:AM95)) -> 1.9993667 | T94: =IF(ISBLANK(S94),"Z", IF(S94<=0.25,"X", IF(S94<=0.5,"Y","Z"))) -> Z | U94: =IF(E94="B",0.95,IF(E94="C",0.9,0.98)) -> 0.9 | V94: =IF(E94="B",1.65,1.28) -> 1.28 | W94: =V94*R94*SQRT(G94) -> 1.9530848 | X94: =V94*P94*SQRT(H94) -> 1.6725219 | Y94: =Q94*G94+W94 -> 3.0566202 | Z94: =N94*H94+X94 -> 2.4817812 | AA94: =-AVERAGE('cons 2023 - 2025'!D95:AM95)*12 -> 6.3333333 | AB94: =I94*0.2 -> 25.3 | AC94: =SQRT((2*AA94*'⚙ Assumptions'!$B$3)/AB94) -> 8.6659572 | AD94: =Z94 -> 2.4817812 | AE94: =Z94+AC94 -> 11.147738 | AF94: =AA94/AC94 -> 0.73082906
A95: 02030002 | B95: CEMII 32.5 SAC | C95: TO | E95: =VLOOKUP(A95,Classification!$A$2:$D$1180,4,0) -> C | F95: =VLOOKUP(A95,Classification!$A$2:$E$1180,5,0) -> H | G95: =VLOOKUP(A95,'Lead Time'!$A$2:$D$1180,4,0) -> 44 | H95: =G95/30 -> 1.4666667 | I95: =VLOOKUP(A95,Classification!$A$2:$F$1180,6,0) -> 126.32 | J95: =-SUM('cons 2023 - 2025'!D96:AM96) -> 1340778.3 | K95: =-_xlfn.MINIFS('cons 2023 - 2025'!D96:AM96,'cons 2023 - 2025'!D96:AM96,"<>0") -> 63039.45 | L95: =-_xlfn.MAXIFS('cons 2023 - 2025'!D96:AM96,'cons 2023 - 2025'!D96:AM96,"<>0") -> 19652.3 | M95: =COUNTIF('cons 2023 - 2025'!D96:AM96,"<>0") -> 36 | N95: =-AVERAGE('cons 2023 - 2025'!D96:AM96) -> 37243.842 | O95: =J95/M95 -> 37243.842 | P95: =_xlfn.STDEV.S('cons 2023 - 2025'!D96:AM96) -> 10205.874 | Q95: =-AVERAGE('cons 2023 - 2025'!D96:AM96)/'⚙ Assumptions'!$B$5 -> 1692.9019 | R95: =_xlfn.STDEV.S('cons 2023 - 2025'!D96:AM96)/SQRT('⚙ Assumptions'!$B$5) -> 2175.8996 | S95: =-IF(AVERAGE('cons 2023 - 2025'!D96:AM96)=0,"",_xlfn.STDEV.S('cons 2023 - 2025'!D96:AM96)/AVERAGE('cons 2023 - 2025'!D96:AM96)) -> 0.27402849 | T95: =IF(ISBLANK(S95),"Z", IF(S95<=0.25,"X", IF(S95<=0.5,"Y","Z"))) -> Y | U95: =IF(E95="B",0.95,IF(E95="C",0.9,0.98)) -> 0.9 | V95: =IF(E95="B",1.65,1.28) -> 1.28 | W95: =V95*R95*SQRT(G95) -> 18474.605 | X95: =V95*P95*SQRT(H95) -> 15820.707 | Y95: =Q95*G95+W95 -> 92962.288 | Z95: =N95*H95+X95 -> 70445.008 | AA95: =-AVERAGE('cons 2023 - 2025'!D96:AM96)*12 -> 446926.1 | AB95: =I95*0.2 -> 25.264 | AC95: =SQRT((2*AA95*'⚙ Assumptions'!$B$3)/AB95) -> 2303.708 | AD95: =Z95 -> 70445.008 | AE95: =Z95+AC95 -> 72748.716 | AF95: =AA95/AC95 -> 194.00293
A96: 01010003 | B96: CEM I 42.5 SR-3 Vrac | C96: TO | E96: =VLOOKUP(A96,Classification!$A$2:$D$1180,4,0) -> C | F96: =VLOOKUP(A96,Classification!$A$2:$E$1180,5,0) -> H | G96: =VLOOKUP(A96,'Lead Time'!$A$2:$D$1180,4,0) -> 44 | H96: =G96/30 -> 1.4666667 | I96: =VLOOKUP(A96,Classification!$A$2:$F$1180,6,0) -> 125.805 | J96: =-SUM('cons 2023 - 2025'!D97:AM97) -> 153668.75 | K96: =-_xlfn.MINIFS('cons 2023 - 2025'!D97:AM97,'cons 2023 - 2025'!D97:AM97,"<>0") -> 6905.3 | L96: =-_xlfn.MAXIFS('cons 2023 - 2025'!D97:AM97,'cons 2023 - 2025'!D97:AM97,"<>0") -> 637.6 | M96: =COUNTIF('cons 2023 - 2025'!D97:AM97,"<>0") -> 36 | N96: =-AVERAGE('cons 2023 - 2025'!D97:AM97) -> 4268.5764 | O96: =J96/M96 -> 4268.5764 | P96: =_xlfn.STDEV.S('cons 2023 - 2025'!D97:AM97) -> 1434.8618 | Q96: =-AVERAGE('cons 2023 - 2025'!D97:AM97)/'⚙ Assumptions'!$B$5 -> 194.0262 | R96: =_xlfn.STDEV.S('cons 2023 - 2025'!D97:AM97)/SQRT('⚙ Assumptions'!$B$5) -> 305.91356 | S96: =-IF(AVERAGE('cons 2023 - 2025'!D97:AM97)=0,"",_xlfn.STDEV.S('cons 2023 - 2025'!D97:AM97)/AVERAGE('cons 2023 - 2025'!D97:AM97)) -> 0.33614528 | T96: =IF(ISBLANK(S96),"Z", IF(S96<=0.25,"X", IF(S96<=0.5,"Y","Z"))) -> Y | U96: =IF(E96="B",0.95,IF(E96="C",0.9,0.98)) -> 0.9 | V96: =IF(E96="B",1.65,1.28) -> 1.28 | W96: =V96*R96*SQRT(G96) -> 2597.3773 | X96: =V96*P96*SQRT(H96) -> 2224.261 | Y96: =Q96*G96+W96 -> 11134.53 | Z96: =N96*H96+X96 -> 8484.8397 | AA96: =-AVERAGE('cons 2023 - 2025'!D97:AM97)*12 -> 51222.917 | AB96: =I96*0.2 -> 25.161 | AC96: =SQRT((2*AA96*'⚙ Assumptions'!$B$3)/AB96) -> 781.49973 | AD96: =Z96 -> 8484.8397 | AE96: =Z96+AC96 -> 9266.3394 | AF96: =AA96/AC96 -> 65.544382
A97: 53230225 | B97: DISJONCTEUR 63A SIMPLE 4 POLES | C97: PC | D97: =VLOOKUP(A97,'Lead Time'!$A$2:$C$1180,3,0) -> Local | E97: =VLOOKUP(A97,Classification!$A$2:$D$1180,4,0) -> C | F97: =VLOOKUP(A97,Classification!$A$2:$E$1180,5,0) -> M | G97: =VLOOKUP(A97,'Lead Time'!$A$2:$D$1180,4,0) -> 33.6 | H97: =G97/30 -> 1.12 | I97: =VLOOKUP(A97,Classification!$A$2:$F$1180,6,0) -> 125.356 | J97: =-SUM('cons 2023 - 2025'!D98:AM98) -> 7 | K97: =-_xlfn.MINIFS('cons 2023 - 2025'!D98:AM98,'cons 2023 - 2025'!D98:AM98,"<>0") -> 1 | L97: =-_xlfn.MAXIFS('cons 2023 - 2025'!D98:AM98,'cons 2023 - 2025'!D98:AM98,"<>0") -> 1 | M97: =COUNTIF('cons 2023 - 2025'!D98:AM98,"<>0") -> 7 | N97: =-AVERAGE('cons 2023 - 2025'!D98:AM98) -> 0.19444444 | O97: =J97/M97 -> 1 | P97: =_xlfn.STDEV.S('cons 2023 - 2025'!D98:AM98) -> 0.40138649 | Q97: =-AVERAGE('cons 2023 - 2025'!D98:AM98)/'⚙ Assumptions'!$B$5 -> 0.0088383838 | R97: =_xlfn.STDEV.S('cons 2023 - 2025'!D98:AM98)/SQRT('⚙ Assumptions'!$B$5) -> 0.085575886 | S97: =-IF(AVERAGE('cons 2023 - 2025'!D98:AM98)=0,"",_xlfn.STDEV.S('cons 2023 - 2025'!D98:AM98)/AVERAGE('cons 2023 - 2025'!D98:AM98)) -> 2.0642734 | T97: =IF(ISBLANK(S97),"Z", IF(S97<=0.25,"X", IF(S97<=0.5,"Y","Z"))) -> Z | U97: =IF(E97="B",0.95,IF(E97="C",0.9,0.98)) -> 0.9 | V97: =IF(E97="B",1.65,1.28) -> 1.28 | W97: =V97*R97*SQRT(G97) -> 0.63493755 | X97: =V97*P97*SQRT(H97) -> 0.54372804 | Y97: =Q97*G97+W97 -> 0.93190725 | Z97: =N97*H97+X97 -> 0.76150581 | AA97: =-AVERAGE('cons 2023 - 2025'!D98:AM98)*12 -> 2.3333333 | AB97: =I97*0.2 -> 25.0712 | AC97: =SQRT((2*AA97*'⚙ Assumptions'!$B$3)/AB97) -> 5.2839836 | AD97: =Z97 -> 0.76150581 | AE97: =Z97+AC97 -> 6.0454894 | AF97: =AA97/AC97 -> 0.44158603
A98: 45800187 | B98: Disque 1 pour station de remplissage man | C98: PC | D98: =VLOOKUP(A98,'Lead Time'!$A$2:$C$1180,3,0) -> Import | E98: =VLOOKUP(A98,Classification!$A$2:$D$1180,4,0) -> C | F98: =VLOOKUP(A98,Classification!$A$2:$E$1180,5,0) -> L | G98: =VLOOKUP(A98,'Lead Time'!$A$2:$D$1180,4,0) -> 244 | H98: =G98/30 -> 8.1333333 | I98: =VLOOKUP(A98,Classification!$A$2:$F$1180,6,0) -> 124.446 | J98: =-SUM('cons 2023 - 2025'!D99:AM99) -> 0 | K98: =-_xlfn.MINIFS('cons 2023 - 2025'!D99:AM99,'cons 2023 - 2025'!D99:AM99,"<>0") -> 1 | L98: =-_xlfn.MAXIFS('cons 2023 - 2025'!D99:AM99,'cons 2023 - 2025'!D99:AM99,"<>0") -> -1 | M98: =COUNTIF('cons 2023 - 2025'!D99:AM99,"<>0") -> 2 | N98: =-AVERAGE('cons 2023 - 2025'!D99:AM99) -> 0 | O98: =J98/M98 -> 0 | P98: =_xlfn.STDEV.S('cons 2023 - 2025'!D99:AM99) -> 0.23904572 | Q98: =-AVERAGE('cons 2023 - 2025'!D99:AM99)/'⚙ Assumptions'!$B$5 -> 0 | R98: =_xlfn.STDEV.S('cons 2023 - 2025'!D99:AM99)/SQRT('⚙ Assumptions'!$B$5) -> 0.050964719 | U98: =IF(E98="B",0.95,IF(E98="C",0.9,0.98)) -> 0.9 | V98: =IF(E98="B",1.65,1.28) -> 1.28 | W98: =V98*R98*SQRT(G98) -> 1.0190008 | X98: =V98*P98*SQRT(H98) -> 0.87262014 | Y98: =Q98*G98+W98 -> 1.0190008 | Z98: =N98*H98+X98 -> 0.87262014 | AA98: =-AVERAGE('cons 2023 - 2025'!D99:AM99)*12 -> 0 | AB98: =I98*0.2 -> 24.8892 | AC98: =SQRT((2*AA98*'⚙ Assumptions'!$B$3)/AB98) -> 0 | AD98: =Z98 -> 0.87262014 | AE98: =Z98+AC98 -> 0.87262014 | AF98: =AA98/AC98 -> #DIV/0!
A99: 45800208 | B99: Clapet anti-retour | C99: PC | D99: =VLOOKUP(A99,'Lead Time'!$A$2:$C$1180,3,0) -> Import | E99: =VLOOKUP(A99,Classification!$A$2:$D$1180,4,0) -> C | F99: =VLOOKUP(A99,Classification!$A$2:$E$1180,5,0) -> L | G99: =VLOOKUP(A99,'Lead Time'!$A$2:$D$1180,4,0) -> 244 | H99: =G99/30 -> 8.1333333 | I99: =VLOOKUP(A99,Classification!$A$2:$F$1180,6,0) -> 124.413 | J99: =-SUM('cons 2023 - 2025'!D100:AM100) -> 1 | K99: =-_xlfn.MINIFS('cons 2023 - 2025'!D100:AM100,'cons 2023 - 2025'!D100:AM100,"<>0") -> 2 | L99: =-_xlfn.MAXIFS('cons 2023 - 2025'!D100:AM100,'cons 2023 - 2025'!D100:AM100,"<>0") -> -1 | M99: =COUNTIF('cons 2023 - 2025'!D100:AM100,"<>0") -> 2 | N99: =-AVERAGE('cons 2023 - 2025'!D100:AM100) -> 0.027777778 | O99: =J99/M99 -> 0.5 | P99: =_xlfn.STDEV.S('cons 2023 - 2025'!D100:AM100) -> 0.37691311 | Q99: =-AVERAGE('cons 2023 - 2025'!D100:AM100)/'⚙ Assumptions'!$B$5 -> 0.0012626263 | R99: =_xlfn.STDEV.S('cons 2023 - 2025'!D100:AM100)/SQRT('⚙ Assumptions'!$B$5) -> 0.080358145 | S99: =-IF(AVERAGE('cons 2023 - 2025'!D100:AM100)=0,"",_xlfn.STDEV.S('cons 2023 - 2025'!D100:AM100)/AVERAGE('cons 2023 - 2025'!D100:AM100)) -> 13.568872 | T99: =IF(ISBLANK(S99),"Z", IF(S99<=0.25,"X", IF(S99<=0.5,"Y","Z"))) -> Z | U99: =IF(E99="B",0.95,IF(E99="C",0.9,0.98)) -> 0.9 | V99: =IF(E99="B",1.65,1.28) -> 1.28 | W99: =V99*R99*SQRT(G99) -> 1.6067 | X99: =V99*P99*SQRT(H99) -> 1.3758957 | Y99: =Q99*G99+W99 -> 1.9147808 | Z99: =N99*H99+X99 -> 1.6018216 | AA99: =-AVERAGE('cons 2023 - 2025'!D100:AM100)*12 -> 0.33333333 | AB99: =I99*0.2 -> 24.8826 | AC99: =SQRT((2*AA99*'⚙ Assumptions'!$B$3)/AB99) -> 2.0047126 | AD99: =Z99 -> 1.6018216 | AE99: =Z99+AC99 -> 3.6065342 | AF99: =AA99/AC99 -> 0.16627487
A100: 37260004 | B100: G_ind 81/Kluber Kluberplex 41-132 | C100: KG | D100: =VLOOKUP(A100,'Lead Time'!$A$2:$C$1180,3,0) -> Local | E100: =VLOOKUP(A100,Classification!$A$2:$D$1180,4,0) -> C | F100: =VLOOKUP(A100,Classification!$A$2:$E$1180,5,0) -> M | G100: =VLOOKUP(A100,'Lead Time'!$A$2:$D$1180,4,0) -> 15.375 | H100: =G100/30 -> 0.5125 | I100: =VLOOKUP(A100,Classification!$A$2:$F$1180,6,0) -> 122.192 | J100: =-SUM('cons 2023 - 2025'!D101:AM101) -> 213 | K100: =-_xlfn.MINIFS('cons 2023 - 2025'!D101:AM101,'cons 2023 - 2025'!D101:AM101,"<>0") -> 30 | L100: =-_xlfn.MAXIFS('cons 2023 - 2025'!D101:AM101,'cons 2023 - 2025'!D101:AM101,"<>0") -> 3 | M100: =COUNTIF('cons 2023 - 2025'!D101:AM101,"<>0") -> 12 | N100: =-AVERAGE('cons 2023 - 2025'!D101:AM101) -> 5.9166667 | O100: =J100/M100 -> 17.75 | P100: =_xlfn.STDEV.S('cons 2023 - 2025'!D101:AM101) -> 10.210289 | Q100: =-AVERAGE('cons 2023 - 2025'!D101:AM101)/'⚙ Assumptions'!$B$5 -> 0.26893939 | R100: =_xlfn.STDEV.S('cons 2023 - 2025'!D101:AM101)/SQRT('⚙ Assumptions'!$B$5) -> 2.1768409 | S100: =-IF(AVERAGE('cons 2023 - 2025'!D101:AM101)=0,"",_xlfn.STDEV.S('cons 2023 - 2025'!D101:AM101)/AVERAGE('cons 2023 - 2025'!D101:AM101)) -> 1.7256826 | T100: =IF(ISBLANK(S100),"Z", IF(S100<=0.25,"X", IF(S100<=0.5,"Y","Z"))) -> Z | U100: =IF(E100="B",0.95,IF(E100="C",0.9,0.98)) -> 0.9 | V100: =IF(E100="B",1.65,1.28) -> 1.28 | W100: =V100*R100*SQRT(G100) -> 10.925573 | X100: =V100*P100*SQRT(H100) -> 9.3561018 | Y100: =Q100*G100+W100 -> 15.060516 | Z100: =N100*H100+X100 -> 12.388393 | AA100: =-AVERAGE('cons 2023 - 2025'!D101:AM101)*12 -> 71 | AB100: =I100*0.2 -> 24.4384 | AC100: =SQRT((2*AA100*'⚙ Assumptions'!$B$3)/AB100) -> 29.522519 | AD100: =Z100 -> 12.388393 | AE100: =Z100+AC100 -> 41.910913 | AF100: =AA100/AC100 -> 2.4049438
A101: 01010001 | B101: CEM I 42,5 N Vrac | C101: TO | E101: =VLOOKUP(A101,Classification!$A$2:$D$1180,4,0) -> C | F101: =VLOOKUP(A101,Classification!$A$2:$E$1180,5,0) -> H | G101: =VLOOKUP(A101,'Lead Time'!$A$2:$D$1180,4,0) -> 44 | H101: =G101/30 -> 1.4666667 | I101: =VLOOKUP(A101,Classification!$A$2:$F$1180,6,0) -> 122.088 | J101: =-SUM('cons 2023 - 2025'!D102:AM102) -> 1405711.8 | K101: =-_xlfn.MINIFS('cons 2023 - 2025'!D102:AM102,'cons 2023 - 2025'!D102:AM102,"<>0") -> 57132.45 | L101: =-_xlfn.MAXIFS('cons 2023 - 2025'!D102:AM102,'cons 2023 - 2025'!D102:AM102,"<>0") -> 21219.55 | M101: =COUNTIF('cons 2023 - 2025'!D102:AM102,"<>0") -> 36 | N101: =-AVERAGE('cons 2023 - 2025'!D102:AM102) -> 39047.55 | O101: =J101/M101 -> 39047.55 | P101: =_xlfn.STDEV.S('cons 2023 - 2025'!D102:AM102) -> 9028.1785 | Q101: =-AVERAGE('cons 2023 - 2025'!D102:AM102)/'⚙ Assumptions'!$B$5 -> 1774.8886 | R101: =_xlfn.STDEV.S('cons 2023 - 2025'!D102:AM102)/SQRT('⚙ Assumptions'!$B$5) -> 1924.8141 | S101: =-IF(AVERAGE('cons 2023 - 2025'!D102:AM102)=0,"",_xlfn.STDEV.S('cons 2023 - 2025'!D102:AM102)/AVERAGE('cons 2023 - 2025'!D102:AM102)) -> 0.23120986 | T101: =IF(ISBLANK(S101),"Z", IF(S101<=0.25,"X", IF(S101<=0.5,"Y","Z"))) -> X | U101: =IF(E101="B",0.95,IF(E101="C",0.9,0.98)) -> 0.9 | V101: =IF(E101="B",1.65,1.28) -> 1.28 | W101: =V101*R101*SQRT(G101) -> 16342.749 | X101: =V101*P101*SQRT(H101) -> 13995.094 | Y101: =Q101*G101+W101 -> 94437.849 | Z101: =N101*H101+X101 -> 71264.834 | AA101: =-AVERAGE('cons 2023 - 2025'!D102:AM102)*12 -> 468570.6 | AB101: =I101*0.2 -> 24.4176 | AC101: =SQRT((2*AA101*'⚙ Assumptions'!$B$3)/AB101) -> 2399.3669 | AD101: =Z101 -> 71264.834 | AE101: =Z101+AC101 -> 73664.201 | AF101: =AA101/AC101 -> 195.28927
A102: 53250178 | B102: interrupteur schmersal :Z3K235 FIN COURS | C102: PC | D102: =VLOOKUP(A102,'Lead Time'!$A$2:$C$1180,3,0) -> Local | E102: =VLOOKUP(A102,Classification!$A$2:$D$1180,4,0) -> C | F102: =VLOOKUP(A102,Classification!$A$2:$E$1180,5,0) -> L | G102: =VLOOKUP(A102,'Lead Time'!$A$2:$D$1180,4,0) -> 8 | H102: =G102/30 -> 0.26666667 | I102: =VLOOKUP(A102,Classification!$A$2:$F$1180,6,0) -> 122.067 | J102: =-SUM('cons 2023 - 2025'!D103:AM103) -> 4 | K102: =-_xlfn.MINIFS('cons 2023 - 2025'!D103:AM103,'cons 2023 - 2025'!D103:AM103,"<>0") -> 2 | L102: =-_xlfn.MAXIFS('cons 2023 - 2025'!D103:AM103,'cons 2023 - 2025'!D103:AM103,"<>0") -> 1 | M102: =COUNTIF('cons 2023 - 2025'!D103:AM103,"<>0") -> 3 | N102: =-AVERAGE('cons 2023 - 2025'!D103:AM103) -> 0.11111111 | O102: =J102/M102 -> 1.3333333 | P102: =_xlfn.STDEV.S('cons 2023 - 2025'!D103:AM103) -> 0.39840954 | Q102: =-AVERAGE('cons 2023 - 2025'!D103:AM103)/'⚙ Assumptions'!$B$5 -> 0.0050505051 | R102: =_xlfn.STDEV.S('cons 2023 - 2025'!D103:AM103)/SQRT('⚙ Assumptions'!$B$5) -> 0.084941199 | S102: =-IF(AVERAGE('cons 2023 - 2025'!D103:AM103)=0,"",_xlfn.STDEV.S('cons 2023 - 2025'!D103:AM103)/AVERAGE('cons 2023 - 2025'!D103:AM103)) -> 3.5856858 | T102: =IF(ISBLANK(S102),"Z", IF(S102<=0.25,"X", IF(S102<=0.5,"Y","Z"))) -> Z | U102: =IF(E102="B",0.95,IF(E102="C",0.9,0.98)) -> 0.9 | V102: =IF(E102="B",1.65,1.28) -> 1.28 | W102: =V102*R102*SQRT(G102) -> 0.30751999 | X102: =V102*P102*SQRT(H102) -> 0.26334438 | Y102: =Q102*G102+W102 -> 0.34792403 | Z102: =N102*H102+X102 -> 0.29297401 | AA102: =-AVERAGE('cons 2023 - 2025'!D103:AM103)*12 -> 1.3333333 | AB102: =I102*0.2 -> 24.4134 | AC102: =SQRT((2*AA102*'⚙ Assumptions'!$B$3)/AB102) -> 4.0477703 | AD102: =Z102 -> 0.29297401 | AE102: =Z102+AC102 -> 4.3407443 | AF102: =AA102/AC102 -> 0.32939945
A103: 53230222 | B103: DISJONCTEUR BIPOLAIRE C20+BLOC VIGI SCHN | C103: PC | D103: =VLOOKUP(A103,'Lead Time'!$A$2:$C$1180,3,0) -> Local | E103: =VLOOKUP(A103,Classification!$A$2:$D$1180,4,0) -> C | F103: =VLOOKUP(A103,Classification!$A$2:$E$1180,5,0) -> L | G103: =VLOOKUP(A103,'Lead Time'!$A$2:$D$1180,4,0) -> 64 | H103: =G103/30 -> 2.1333333 | I103: =VLOOKUP(A103,Classification!$A$2:$F$1180,6,0) -> 121.529 | J103: =-SUM('cons 2023 - 2025'!D104:AM104) -> 2 | K103: =-_xlfn.MINIFS('cons 2023 - 2025'!D104:AM104,'cons 2023 - 2025'!D104:AM104,"<>0") -> 1 | L103: =-_xlfn.MAXIFS('cons 2023 - 2025'!D104:AM104,'cons 2023 - 2025'!D104:AM104,"<>0") -> 1 | M103: =COUNTIF('cons 2023 - 2025'!D104:AM104,"<>0") -> 2 | N103: =-AVERAGE('cons 2023 - 2025'!D104:AM104) -> 0.055555556 | O103: =J103/M103 -> 1 | P103: =_xlfn.STDEV.S('cons 2023 - 2025'!D104:AM104) -> 0.23231068 | Q103: =-AVERAGE('cons 2023 - 2025'!D104:AM104)/'⚙ Assumptions'!$B$5 -> 0.0025252525 | R103: =_xlfn.STDEV.S('cons 2023 - 2025'!D104:AM104)/SQRT('⚙ Assumptions'!$B$5) -> 0.049528804 | S103: =-IF(AVERAGE('cons 2023 - 2025'!D104:AM104)=0,"",_xlfn.STDEV.S('cons 2023 - 2025'!D104:AM104)/AVERAGE('cons 2023 - 2025'!D104:AM104)) -> 4.1815923 | T103: =IF(ISBLANK(S103),"Z", IF(S103<=0.25,"X", IF(S103<=0.5,"Y","Z"))) -> Z | U103: =IF(E103="B",0.95,IF(E103="C",0.9,0.98)) -> 0.9 | V103: =IF(E103="B",1.65,1.28) -> 1.28 | W103: =V103*R103*SQRT(G103) -> 0.50717496 | X103: =V103*P103*SQRT(H103) -> 0.43431868 | Y103: =Q103*G103+W103 -> 0.66879112 | Z103: =N103*H103+X103 -> 0.5528372 | AA103: =-AVERAGE('cons 2023 - 2025'!D104:AM104)*12 -> 0.66666667 | AB103: =I103*0.2 -> 24.3058 | AC103: =SQRT((2*AA103*'⚙ Assumptions'!$B$3)/AB103) -> 2.8685342 | AD103: =Z103 -> 0.5528372 | AE103: =Z103+AC103 -> 3.4213714 | AF103: =AA103/AC103 -> 0.23240673
A104: 89010016 | B104: BOULON POUR ELEMENT TRANSPORT R1.4 | C104: PC | D104: =VLOOKUP(A104,'Lead Time'!$A$2:$C$1180,3,0) -> Mixed Source | E104: =VLOOKUP(A104,Classification!$A$2:$D$1180,4,0) -> C | F104: =VLOOKUP(A104,Classification!$A$2:$E$1180,5,0) -> L | G104: =VLOOKUP(A104,'Lead Time'!$A$2:$D$1180,4,0) -> 42.307692 | H104: =G104/30 -> 1.4102564 | I104: =VLOOKUP(A104,Classification!$A$2:$F$1180,6,0) -> 121.2 | J104: =-SUM('cons 2023 - 2025'!D105:AM105) -> 408 | K104: =-_xlfn.MINIFS('cons 2023 - 2025'!D105:AM105,'cons 2023 - 2025'!D105:AM105,"<>0") -> 190 | L104: =-_xlfn.MAXIFS('cons 2023 - 2025'!D105:AM105,'cons 2023 - 2025'!D105:AM105,"<>0") -> 48 | M104: =COUNTIF('cons 2023 - 2025'!D105:AM105,"<>0") -> 4 | N104: =-AVERAGE('cons 2023 - 2025'!D105:AM105) -> 11.333333 | O104: =J104/M104 -> 102 | P104: =_xlfn.STDEV.S('cons 2023 - 2025'!D105:AM105) -> 37.294197 | Q104: =-AVERAGE('cons 2023 - 2025'!D105:AM105)/'⚙ Assumptions'!$B$5 -> 0.51515152 | R104: =_xlfn.STDEV.S('cons 2023 - 2025'!D105:AM105)/SQRT('⚙ Assumptions'!$B$5) -> 7.9511496 | S104: =-IF(AVERAGE('cons 2023 - 2025'!D105:AM105)=0,"",_xlfn.STDEV.S('cons 2023 - 2025'!D105:AM105)/AVERAGE('cons 2023 - 2025'!D105:AM105)) -> 3.2906645 | T104: =IF(ISBLANK(S104),"Z", IF(S104<=0.25,"X", IF(S104<=0.5,"Y","Z"))) -> Z | U104: =IF(E104="B",0.95,IF(E104="C",0.9,0.98)) -> 0.9 | V104: =IF(E104="B",1.65,1.28) -> 1.28 | W104: =V104*R104*SQRT(G104) -> 66.198715 | X104: =V104*P104*SQRT(H104) -> 56.689193 | Y104: =Q104*G104+W104 -> 87.993587 | Z104: =N104*H104+X104 -> 72.672099 | AA104: =-AVERAGE('cons 2023 - 2025'!D105:AM105)*12 -> 136 | AB104: =I104*0.2 -> 24.24 | AC104: =SQRT((2*AA104*'⚙ Assumptions'!$B$3)/AB104) -> 41.026434 | AD104: =Z104 -> 72.672099 | AE104: =Z104+AC104 -> 113.69853 | AF104: =AA104/AC104 -> 3.3149359
A105: 91100001 | B105: SELLE GAUCHE | C105: PC | D105: =VLOOKUP(A105,'Lead Time'!$A$2:$C$1180,3,0) -> Local | E105: =VLOOKUP(A105,Classification!$A$2:$D$1180,4,0) -> C | F105: =VLOOKUP(A105,Classification!$A$2:$E$1180,5,0) -> M | G105: =VLOOKUP(A105,'Lead Time'!$A$2:$D$1180,4,0) -> 35.333333 | H105: =G105/30 -> 1.1777778 | I105: =VLOOKUP(A105,Classification!$A$2:$F$1180,6,0) -> 121.2 | J105: =-SUM('cons 2023 - 2025'!D106:AM106) -> 28 | K105: =-_xlfn.MINIFS('cons 2023 - 2025'!D106:AM106,'cons 2023 - 2025'!D106:AM106,"<>0") -> 12 | L105: =-_xlfn.MAXIFS('cons 2023 - 2025'!D106:AM106,'cons 2023 - 2025'!D106:AM106,"<>0") -> 2 | M105: =COUNTIF('cons 2023 - 2025'!D106:AM106,"<>0") -> 6 | N105: =-AVERAGE('cons 2023 - 2025'!D106:AM106) -> 0.77777778 | O105: =J105/M105 -> 4.6666667 | P105: =_xlfn.STDEV.S('cons 2023 - 2025'!D106:AM106) -> 2.2691863 | Q105: =-AVERAGE('cons 2023 - 2025'!D106:AM106)/'⚙ Assumptions'!$B$5 -> 0.035353535 | R105: =_xlfn.STDEV.S('cons 2023 - 2025'!D106:AM106)/SQRT('⚙ Assumptions'!$B$5) -> 0.48379214 | S105: =-IF(AVERAGE('cons 2023 - 2025'!D106:AM106)=0,"",_xlfn.STDEV.S('cons 2023 - 2025'!D106:AM106)/AVERAGE('cons 2023 - 2025'!D106:AM106)) -> 2.9175252 | T105: =IF(ISBLANK(S105),"Z", IF(S105<=0.25,"X", IF(S105<=0.5,"Y","Z"))) -> Z | U105: =IF(E105="B",0.95,IF(E105="C",0.9,0.98)) -> 0.9 | V105: =IF(E105="B",1.65,1.28) -> 1.28 | W105: =V105*R105*SQRT(G105) -> 3.6809599 | X105: =V105*P105*SQRT(H105) -> 3.1521857 | Y105: =Q105*G105+W105 -> 4.9301181 | Z105: =N105*H105+X105 -> 4.0682351 | AA105: =-AVERAGE('cons 2023 - 2025'!D106:AM106)*12 -> 9.3333333 | AB105: =I105*0.2 -> 24.24 | AC105: =SQRT((2*AA105*'⚙ Assumptions'!$B$3)/AB105) -> 10.74763 | AD105: =Z105 -> 4.0682351 | AE105: =Z105+AC105 -> 14.815865 | AF105: =AA105/AC105 -> 0.86840851
A106: 83300019 | B106: FILTRE HUILE COMP SXC6 REF 6.3461.0 | C106: PC | D106: =VLOOKUP(A106,'Lead Time'!$A$2:$C$1180,3,0) -> Local | E106: =VLOOKUP(A106,Classification!$A$2:$D$1180,4,0) -> C | F106: =VLOOKUP(A106,Classification!$A$2:$E$1180,5,0) -> L | G106: =VLOOKUP(A106,'Lead Time'!$A$2:$D$1180,4,0) -> 24.666667 | H106: =G106/30 -> 0.82222222 | I106: =VLOOKUP(A106,Classification!$A$2:$F$1180,6,0) -> 121.155 | J106: =-SUM('cons 2023 - 2025'!D107:AM107) -> 3 | K106: =-_xlfn.MINIFS('cons 2023 - 2025'!D107:AM107,'cons 2023 - 2025'!D107:AM107,"<>0") -> 1 | L106: =-_xlfn.MAXIFS('cons 2023 - 2025'!D107:AM107,'cons 2023 - 2025'!D107:AM107,"<>0") -> 1 | M106: =COUNTIF('cons 2023 - 2025'!D107:AM107,"<>0") -> 3 | N106: =-AVERAGE('cons 2023 - 2025'!D107:AM107) -> 0.083333333 | O106: =J106/M106 -> 1 | P106: =_xlfn.STDEV.S('cons 2023 - 2025'!D107:AM107) -> 0.28030596 | Q106: =-AVERAGE('cons 2023 - 2025'!D107:AM107)/'⚙ Assumptions'!$B$5 -> 0.0037878788 | R106: =_xlfn.STDEV.S('cons 2023 - 2025'!D107:AM107)/SQRT('⚙ Assumptions'!$B$5) -> 0.05976143 | S106: =-IF(AVERAGE('cons 2023 - 2025'!D107:AM107)=0,"",_xlfn.STDEV.S('cons 2023 - 2025'!D107:AM107)/AVERAGE('cons 2023 - 2025'!D107:AM107)) -> 3.3636715 | T106: =IF(ISBLANK(S106),"Z", IF(S106<=0.25,"X", IF(S106<=0.5,"Y","Z"))) -> Z | U106: =IF(E106="B",0.95,IF(E106="C",0.9,0.98)) -> 0.9 | V106: =IF(E106="B",1.65,1.28) -> 1.28 | W106: =V106*R106*SQRT(G106) -> 0.37991478 | X106: =V106*P106*SQRT(H106) -> 0.32533958 | Y106: =Q106*G106+W106 -> 0.47334912 | Z106: =N106*H106+X106 -> 0.3938581 | AA106: =-AVERAGE('cons 2023 - 2025'!D107:AM107)*12 -> 1 | AB106: =I106*0.2 -> 24.231 | AC106: =SQRT((2*AA106*'⚙ Assumptions'!$B$3)/AB106) -> 3.518641 | AD106: =Z106 -> 0.3938581 | AE106: =Z106+AC106 -> 3.9124991 | AF106: =AA106/AC106 -> 0.28420063
A107: 91300011 | B107: PIVOT 741393D REP 48 | C107: PC | D107: =VLOOKUP(A107,'Lead Time'!$A$2:$C$1180,3,0) -> Import | E107: =VLOOKUP(A107,Classification!$A$2:$D$1180,4,0) -> C | F107: =VLOOKUP(A107,Classification!$A$2:$E$1180,5,0) -> L | G107: =VLOOKUP(A107,'Lead Time'!$A$2:$D$1180,4,0) -> 188 | H107: =G107/30 -> 6.2666667 | I107: =VLOOKUP(A107,Classification!$A$2:$F$1180,6,0) -> 120.839 | J107: =-SUM('cons 2023 - 2025'!D108:AM108) -> 3 | K107: =-_xlfn.MINIFS('cons 2023 - 2025'!D108:AM108,'cons 2023 - 2025'!D108:AM108,"<>0") -> 1 | L107: =-_xlfn.MAXIFS('cons 2023 - 2025'!D108:AM108,'cons 2023 - 2025'!D108:AM108,"<>0") -> 1 | M107: =COUNTIF('cons 2023 - 2025'!D108:AM108,"<>0") -> 3 | N107: =-AVERAGE('cons 2023 - 2025'!D108:AM108) -> 0.083333333 | O107: =J107/M107 -> 1 | P107: =_xlfn.STDEV.S('cons 2023 - 2025'!D108:AM108) -> 0.28030596 | Q107: =-AVERAGE('cons 2023 - 2025'!D108:AM108)/'⚙ Assumptions'!$B$5 -> 0.0037878788 | R107: =_xlfn.STDEV.S('cons 2023 - 2025'!D108:AM108)/SQRT('⚙ Assumptions'!$B$5) -> 0.05976143 | S107: =-IF(AVERAGE('cons 2023 - 2025'!D108:AM108)=0,"",_xlfn.STDEV.S('cons 2023 - 2025'!D108:AM108)/AVERAGE('cons 2023 - 2025'!D108:AM108)) -> 3.3636715 | T107: =IF(ISBLANK(S107),"Z", IF(S107<=0.25,"X", IF(S107<=0.5,"Y","Z"))) -> Z | U107: =IF(E107="B",0.95,IF(E107="C",0.9,0.98)) -> 0.9 | V107: =IF(E107="B",1.65,1.28) -> 1.28 | W107: =V107*R107*SQRT(G107) -> 1.0488415 | X107: =V107*P107*SQRT(H107) -> 0.89817423 | Y107: =Q107*G107+W107 -> 1.7609627 | Z107: =N107*H107+X107 -> 1.4203965 | AA107: =-AVERAGE('cons 2023 - 2025'!D108:AM108)*12 -> 1 | AB107: =I107*0.2 -> 24.1678 | AC107: =SQRT((2*AA107*'⚙ Assumptions'!$B$3)/AB107) -> 3.5232387 | AD107: =Z107 -> 1.4203965 | AE107: =Z107+AC107 -> 4.9436352 | AF107: =AA107/AC107 -> 0.28382976
A108: 78610105 | B108: JOINT SPHERIQUE SIKB16F | C108: PC | D108: =VLOOKUP(A108,'Lead Time'!$A$2:$C$1180,3,0) -> Local | E108: =VLOOKUP(A108,Classification!$A$2:$D$1180,4,0) -> C | F108: =VLOOKUP(A108,Classification!$A$2:$E$1180,5,0) -> L | G108: =VLOOKUP(A108,'Lead Time'!$A$2:$D$1180,4,0) -> 12 | H108: =G108/30 -> 0.4 | I108: =VLOOKUP(A108,Classification!$A$2:$F$1180,6,0) -> 120.831 | J108: =-SUM('cons 2023 - 2025'!D109:AM109) -> 3 | K108: =-_xlfn.MINIFS('cons 2023 - 2025'!D109:AM109,'cons 2023 - 2025'!D109:AM109,"<>0") -> 2 | L108: =-_xlfn.MAXIFS('cons 2023 - 2025'!D109:AM109,'cons 2023 - 2025'!D109:AM109,"<>0") -> 1 | M108: =COUNTIF('cons 2023 - 2025'!D109:AM109,"<>0") -> 2 | N108: =-AVERAGE('cons 2023 - 2025'!D109:AM109) -> 0.083333333 | O108: =J108/M108 -> 1.5 | P108: =_xlfn.STDEV.S('cons 2023 - 2025'!D109:AM109) -> 0.3683942 | Q108: =-AVERAGE('cons 2023 - 2025'!D109:AM109)/'⚙ Assumptions'!$B$5 -> 0.0037878788 | R108: =_xlfn.STDEV.S('cons 2023 - 2025'!D109:AM109)/SQRT('⚙ Assumptions'!$B$5) -> 0.078541907 | S108: =-IF(AVERAGE('cons 2023 - 2025'!D109:AM109)=0,"",_xlfn.STDEV.S('cons 2023 - 2025'!D109:AM109)/AVERAGE('cons 2023 - 2025'!D109:AM109)) -> 4.4207304 | T108: =IF(ISBLANK(S108),"Z", IF(S108<=0.25,"X", IF(S108<=0.5,"Y","Z"))) -> Z | U108: =IF(E108="B",0.95,IF(E108="C",0.9,0.98)) -> 0.9 | V108: =IF(E108="B",1.65,1.28) -> 1.28 | W108: =V108*R108*SQRT(G108) -> 0.34825875 | X108: =V108*P108*SQRT(H108) -> 0.29823097 | Y108: =Q108*G108+W108 -> 0.39371329 | Z108: =N108*H108+X108 -> 0.33156431 | AA108: =-AVERAGE('cons 2023 - 2025'!D109:AM109)*12 -> 1 | AB108: =I108*0.2 -> 24.1662 | AC108: =SQRT((2*AA108*'⚙ Assumptions'!$B$3)/AB108) -> 3.5233553 | AD108: =Z108 -> 0.33156431 | AE108: =Z108+AC108 -> 3.8549196 | AF108: =AA108/AC108 -> 0.28382037
A109: 71240154 | B109: Rouleau pour bande Larg. 1000 | C109: PC | D109: =VLOOKUP(A109,'Lead Time'!$A$2:$C$1180,3,0) -> Local | E109: =VLOOKUP(A109,Classification!$A$2:$D$1180,4,0) -> C | F109: =VLOOKUP(A109,Classification!$A$2:$E$1180,5,0) -> L | G109: =VLOOKUP(A109,'Lead Time'!$A$2:$D$1180,4,0) -> 56 | H109: =G109/30 -> 1.8666667 | I109: =VLOOKUP(A109,Classification!$A$2:$F$1180,6,0) -> 120.535 | J109: =-SUM('cons 2023 - 2025'!D110:AM110) -> 10 | K109: =-_xlfn.MINIFS('cons 2023 - 2025'!D110:AM110,'cons 2023 - 2025'!D110:AM110,"<>0") -> 8 | L109: =-_xlfn.MAXIFS('cons 2023 - 2025'!D110:AM110,'cons 2023 - 2025'!D110:AM110,"<>0") -> 2 | M109: =COUNTIF('cons 2023 - 2025'!D110:AM110,"<>0") -> 2 | N109: =-AVERAGE('cons 2023 - 2025'!D110:AM110) -> 0.27777778 | O109: =J109/M109 -> 5 | P109: =_xlfn.STDEV.S('cons 2023 - 2025'!D110:AM110) -> 1.3650978 | Q109: =-AVERAGE('cons 2023 - 2025'!D110:AM110)/'⚙ Assumptions'!$B$5 -> 0.012626263 | R109: =_xlfn.STDEV.S('cons 2023 - 2025'!D110:AM110)/SQRT('⚙ Assumptions'!$B$5) -> 0.29103983 | S109: =-IF(AVERAGE('cons 2023 - 2025'!D110:AM110)=0,"",_xlfn.STDEV.S('cons 2023 - 2025'!D110:AM110)/AVERAGE('cons 2023 - 2025'!D110:AM110)) -> 4.9143522 | T109: =IF(ISBLANK(S109),"Z", IF(S109<=0.25,"X", IF(S109<=0.5,"Y","Z"))) -> Z | U109: =IF(E109="B",0.95,IF(E109="C",0.9,0.98)) -> 0.9 | V109: =IF(E109="B",1.65,1.28) -> 1.28 | W109: =V109*R109*SQRT(G109) -> 2.7877666 | X109: =V109*P109*SQRT(H109) -> 2.3873007 | Y109: =Q109*G109+W109 -> 3.4948373 | Z109: =N109*H109+X109 -> 2.9058192 | AA109: =-AVERAGE('cons 2023 - 2025'!D110:AM110)*12 -> 3.3333333 | AB109: =I109*0.2 -> 24.107 | AC109: =SQRT((2*AA109*'⚙ Assumptions'!$B$3)/AB109) -> 6.440631 | AD109: =Z109 -> 2.9058192 | AE109: =Z109+AC109 -> 9.3464502 | AF109: =AA109/AC109 -> 0.51754764
A110: 20300014 | B110: FER PLAT 100*5 LONG 6M | C110: PC | D110: =VLOOKUP(A110,'Lead Time'!$A$2:$C$1180,3,0) -> Local | E110: =VLOOKUP(A110,Classification!$A$2:$D$1180,4,0) -> C | F110: =VLOOKUP(A110,Classification!$A$2:$E$1180,5,0) -> M | G110: =VLOOKUP(A110,'Lead Time'!$A$2:$D$1180,4,0) -> 16.5 | H110: =G110/30 -> 0.55 | I110: =VLOOKUP(A110,Classification!$A$2:$F$1180,6,0) -> 120.53 | J110: =-SUM('cons 2023 - 2025'!D111:AM111) -> 18 | K110: =-_xlfn.MINIFS('cons 2023 - 2025'!D111:AM111,'cons 2023 - 2025'!D111:AM111,"<>0") -> 6 | L110: =-_xlfn.MAXIFS('cons 2023 - 2025'!D111:AM111,'cons 2023 - 2025'!D111:AM111,"<>0") -> 1 | M110: =COUNTIF('cons 2023 - 2025'!D111:AM111,"<>0") -> 8 | N110: =-AVERAGE('cons 2023 - 2025'!D111:AM111) -> 0.5 | O110: =J110/M110 -> 2.25 | P110: =_xlfn.STDEV.S('cons 2023 - 2025'!D111:AM111) -> 1.2761549 | Q110: =-AVERAGE('cons 2023 - 2025'!D111:AM111)/'⚙ Assumptions'!$B$5 -> 0.022727273 | R110: =_xlfn.STDEV.S('cons 2023 - 2025'!D111:AM111)/SQRT('⚙ Assumptions'!$B$5) -> 0.27207715 | S110: =-IF(AVERAGE('cons 2023 - 2025'!D111:AM111)=0,"",_xlfn.STDEV.S('cons 2023 - 2025'!D111:AM111)/AVERAGE('cons 2023 - 2025'!D111:AM111)) -> 2.5523099 | T110: =IF(ISBLANK(S110),"Z", IF(S110<=0.25,"X", IF(S110<=0.5,"Y","Z"))) -> Z | U110: =IF(E110="B",0.95,IF(E110="C",0.9,0.98)) -> 0.9 | V110: =IF(E110="B",1.65,1.28) -> 1.28 | W110: =V110*R110*SQRT(G110) -> 1.4146337 | X110: =V110*P110*SQRT(H110) -> 1.2114199 | Y110: =Q110*G110+W110 -> 1.7896337 | Z110: =N110*H110+X110 -> 1.4864199 | AA110: =-AVERAGE('cons 2023 - 2025'!D111:AM111)*12 -> 6 | AB110: =I110*0.2 -> 24.106 | AC110: =SQRT((2*AA110*'⚙ Assumptions'!$B$3)/AB110) -> 8.6411924 | AD110: =Z110 -> 1.4864199 | AE110: =Z110+AC110 -> 10.127612 | AF110: =AA110/AC110 -> 0.69434862
A111: 78610130 | B111: SUPPORT POUR VERIN (VERIN DOUBLE) | C111: PC | D111: =VLOOKUP(A111,'Lead Time'!$A$2:$C$1180,3,0) -> Local | E111: =VLOOKUP(A111,Classification!$A$2:$D$1180,4,0) -> C | F111: =VLOOKUP(A111,Classification!$A$2:$E$1180,5,0) -> L | G111: =VLOOKUP(A111,'Lead Time'!$A$2:$D$1180,4,0) -> 44 | H111: =G111/30 -> 1.4666667 | I111: =VLOOKUP(A111,Classification!$A$2:$F$1180,6,0) -> 120.493 | J111: =-SUM('cons 2023 - 2025'!D112:AM112) -> 12 | K111: =-_xlfn.MINIFS('cons 2023 - 2025'!D112:AM112,'cons 2023 - 2025'!D112:AM112,"<>0") -> 5 | L111: =-_xlfn.MAXIFS('cons 2023 - 2025'!D112:AM112,'cons 2023 - 2025'!D112:AM112,"<>0") -> 1 | M111: =COUNTIF('cons 2023 - 2025'!D112:AM112,"<>0") -> 8 | N111: =-AVERAGE('cons 2023 - 2025'!D112:AM112) -> 0.33333333 | O111: =J111/M111 -> 1.5 | P111: =_xlfn.STDEV.S('cons 2023 - 2025'!D112:AM112) -> 0.89442719 | Q111: =-AVERAGE('cons 2023 - 2025'!D112:AM112)/'⚙ Assumptions'!$B$5 -> 0.015151515 | R111: =_xlfn.STDEV.S('cons 2023 - 2025'!D112:AM112)/SQRT('⚙ Assumptions'!$B$5) -> 0.19069252 | S111: =-IF(AVERAGE('cons 2023 - 2025'!D112:AM112)=0,"",_xlfn.STDEV.S('cons 2023 - 2025'!D112:AM112)/AVERAGE('cons 2023 - 2025'!D112:AM112)) -> 2.6832816 | T111: =IF(ISBLANK(S111),"Z", IF(S111<=0.25,"X", IF(S111<=0.5,"Y","Z"))) -> Z | U111: =IF(E111="B",0.95,IF(E111="C",0.9,0.98)) -> 0.9 | V111: =IF(E111="B",1.65,1.28) -> 1.28 | W111: =V111*R111*SQRT(G111) -> 1.6190862 | X111: =V111*P111*SQRT(H111) -> 1.3865026 | Y111: =Q111*G111+W111 -> 2.2857528 | Z111: =N111*H111+X111 -> 1.8753914 | AA111: =-AVERAGE('cons 2023 - 2025'!D112:AM112)*12 -> 4 | AB111: =I111*0.2 -> 24.0986 | AC111: =SQRT((2*AA111*'⚙ Assumptions'!$B$3)/AB111) -> 7.0565873 | AD111: =Z111 -> 1.8753914 | AE111: =Z111+AC111 -> 8.9319787 | AF111: =AA111/AC111 -> 0.56684625
A112: 91100431 | B112: JOINT-730049D +570620Z | C112: PC | D112: =VLOOKUP(A112,'Lead Time'!$A$2:$C$1180,3,0) -> Import | E112: =VLOOKUP(A112,Classification!$A$2:$D$1180,4,0) -> C | F112: =VLOOKUP(A112,Classification!$A$2:$E$1180,5,0) -> L | G112: =VLOOKUP(A112,'Lead Time'!$A$2:$D$1180,4,0) -> 166 | H112: =G112/30 -> 5.5333333 | I112: =VLOOKUP(A112,Classification!$A$2:$F$1180,6,0) -> 120.15 | J112: =-SUM('cons 2023 - 2025'!D113:AM113) -> 7 | K112: =-_xlfn.MINIFS('cons 2023 - 2025'!D113:AM113,'cons 2023 - 2025'!D113:AM113,"<>0") -> 2 | L112: =-_xlfn.MAXIFS('cons 2023 - 2025'!D113:AM113,'cons 2023 - 2025'!D113:AM113,"<>0") -> 1 | M112: =COUNTIF('cons 2023 - 2025'!D113:AM113,"<>0") -> 5 | N112: =-AVERAGE('cons 2023 - 2025'!D113:AM113) -> 0.19444444 | O112: =J112/M112 -> 1.4 | P112: =_xlfn.STDEV.S('cons 2023 - 2025'!D113:AM113) -> 0.52478265 | Q112: =-AVERAGE('cons 2023 - 2025'!D113:AM113)/'⚙ Assumptions'!$B$5 -> 0.0088383838 | R112: =_xlfn.STDEV.S('cons 2023 - 2025'!D113:AM113)/SQRT('⚙ Assumptions'!$B$5) -> 0.11188404 | S112: =-IF(AVERAGE('cons 2023 - 2025'!D113:AM113)=0,"",_xlfn.STDEV.S('cons 2023 - 2025'!D113:AM113)/AVERAGE('cons 2023 - 2025'!D113:AM113)) -> 2.6988822 | T112: =IF(ISBLANK(S112),"Z", IF(S112<=0.25,"X", IF(S112<=0.5,"Y","Z"))) -> Z | U112: =IF(E112="B",0.95,IF(E112="C",0.9,0.98)) -> 0.9 | V112: =IF(E112="B",1.65,1.28) -> 1.28 | W112: =V112*R112*SQRT(G112) -> 1.845152 | X112: =V112*P112*SQRT(H112) -> 1.5800937 | Y112: =Q112*G112+W112 -> 3.3123237 | Z112: =N112*H112+X112 -> 2.6560197 | AA112: =-AVERAGE('cons 2023 - 2025'!D113:AM113)*12 -> 2.3333333 | AB112: =I112*0.2 -> 24.03 | AC112: =SQRT((2*AA112*'⚙ Assumptions'!$B$3)/AB112) -> 5.397245 | AD112: =Z112 -> 2.6560197 | AE112: =Z112+AC112 -> 8.0532647 | AF112: =AA112/AC112 -> 0.43231933
A113: 53130049 | B113: CONTACTEUR LC1-D25 P7 220V | C113: PC | D113: =VLOOKUP(A113,'Lead Time'!$A$2:$C$1180,3,0) -> Local | E113: =VLOOKUP(A113,Classification!$A$2:$D$1180,4,0) -> C | F113: =VLOOKUP(A113,Classification!$A$2:$E$1180,5,0) -> L | G113: =VLOOKUP(A113,'Lead Time'!$A$2:$D$1180,4,0) -> 29.25 | H113: =G113/30 -> 0.975 | I113: =VLOOKUP(A113,Classification!$A$2:$F$1180,6,0) -> 120.144 | J113: =-SUM('cons 2023 - 2025'!D114:AM114) -> 7 | K113: =-_xlfn.MINIFS('cons 2023 - 2025'!D114:AM114,'cons 2023 - 2025'!D114:AM114,"<>0") -> 2 | L113: =-_xlfn.MAXIFS('cons 2023 - 2025'!D114:AM114,'cons 2023 - 2025'!D114:AM114,"<>0") -> 1 | M113: =COUNTIF('cons 2023 - 2025'!D114:AM114,"<>0") -> 6 | N113: =-AVERAGE('cons 2023 - 2025'!D114:AM114) -> 0.19444444 | O113: =J113/M113 -> 1.1666667 | P113: =_xlfn.STDEV.S('cons 2023 - 2025'!D114:AM114) -> 0.46717659 | Q113: =-AVERAGE('cons 2023 - 2025'!D114:AM114)/'⚙ Assumptions'!$B$5 -> 0.0088383838 | R113: =_xlfn.STDEV.S('cons 2023 - 2025'!D114:AM114)/SQRT('⚙ Assumptions'!$B$5) -> 0.099602384 | S113: =-IF(AVERAGE('cons 2023 - 2025'!D114:AM114)=0,"",_xlfn.STDEV.S('cons 2023 - 2025'!D114:AM114)/AVERAGE('cons 2023 - 2025'!D114:AM114)) -> 2.4026225 | T113: =IF(ISBLANK(S113),"Z", IF(S113<=0.25,"X", IF(S113<=0.5,"Y","Z"))) -> Z | U113: =IF(E113="B",0.95,IF(E113="C",0.9,0.98)) -> 0.9 | V113: =IF(E113="B",1.65,1.28) -> 1.28 | W113: =V113*R113*SQRT(G113) -> 0.68951329 | X113: =V113*P113*SQRT(H113) -> 0.5904639 | Y113: =Q113*G113+W113 -> 0.94803601 | Z113: =N113*H113+X113 -> 0.78004723 | AA113: =-AVERAGE('cons 2023 - 2025'!D114:AM114)*12 -> 2.3333333 | AB113: =I113*0.2 -> 24.0288 | AC113: =SQRT((2*AA113*'⚙ Assumptions'!$B$3)/AB113) -> 5.3973798 | AD113: =Z113 -> 0.78004723 | AE113: =Z113+AC113 -> 6.177427 | AF113: =AA113/AC113 -> 0.43230853
... A124: 53230110 | B124: DISJONCTEUR MOTEUR MTH 13-18 GV2P20 | C124: PC | D124: =VLOOKUP(A124,'Lead Time'!$A$2:$C$1180,3,0) -> Local | E124: =VLOOKUP(A124,Classification!$A$2:$D$1180,4,0) -> C | F124: =VLOOKUP(A124,Classification!$A$2:$E$1180,5,0) -> L | G124: =VLOOKUP(A124,'Lead Time'!$A$2:$D$1180,4,0) -> 38.333333 | H124: =G124/30 -> 1.2777778 | I124: =VLOOKUP(A124,Classification!$A$2:$F$1180,6,0) -> 115.373 | J124: =-SUM('cons 2023 - 2025'!D125:AM125) -> 6 | K124: =-_xlfn.MINIFS('cons 2023 - 2025'!D125:AM125,'cons 2023 - 2025'!D125:AM125,"<>0") -> 1 | L124: =-_xlfn.MAXIFS('cons 2023 - 2025'!D125:AM125,'cons 2023 - 2025'!D125:AM125,"<>0") -> 1 | M124: =COUNTIF('cons 2023 - 2025'!D125:AM125,"<>0") -> 6 | N124: =-AVERAGE('cons 2023 - 2025'!D125:AM125) -> 0.16666667 | O124: =J124/M124 -> 1 | P124: =_xlfn.STDEV.S('cons 2023 - 2025'!D125:AM125) -> 0.37796447 | Q124: =-AVERAGE('cons 2023 - 2025'!D125:AM125)/'⚙ Assumptions'!$B$5 -> 0.0075757576 | R124: =_xlfn.STDEV.S('cons 2023 - 2025'!D125:AM125)/SQRT('⚙ Assumptions'!$B$5) -> 0.080582296 | S124: =-IF(AVERAGE('cons 2023 - 2025'!D125:AM125)=0,"",_xlfn.STDEV.S('cons 2023 - 2025'!D125:AM125)/AVERAGE('cons 2023 - 2025'!D125:AM125)) -> 2.2677868 | T124: =IF(ISBLANK(S124),"Z", IF(S124<=0.25,"X", IF(S124<=0.5,"Y","Z"))) -> Z | U124: =IF(E124="B",0.95,IF(E124="C",0.9,0.98)) -> 0.9 | V124: =IF(E124="B",1.65,1.28) -> 1.28 | W124: =V124*R124*SQRT(G124) -> 0.63861322 | X124: =V124*P124*SQRT(H124) -> 0.54687569 | Y124: =Q124*G124+W124 -> 0.92901726 | Z124: =N124*H124+X124 -> 0.75983865 | AA124: =-AVERAGE('cons 2023 - 2025'!D125:AM125)*12 -> 2 | AB124: =I124*0.2 -> 23.0746 | AC124: =SQRT((2*AA124*'⚙ Assumptions'!$B$3)/AB124) -> 5.0992762 | AD124: =Z124 -> 0.75983865 | AE124: =Z124+AC124 -> 5.8591148 | AF124: =AA124/AC124 -> 0.39221253
A125: 02040002 | B125: Clinker HRS | C125: TO | E125: =VLOOKUP(A125,Classification!$A$2:$D$1180,4,0) -> C | F125: =VLOOKUP(A125,Classification!$A$2:$E$1180,5,0) -> H | G125: =VLOOKUP(A125,'Lead Time'!$A$2:$D$1180,4,0) -> 44 | H125: =G125/30 -> 1.4666667 | I125: =VLOOKUP(A125,Classification!$A$2:$F$1180,6,0) -> 115.329 | J125: =-SUM('cons 2023 - 2025'!D126:AM126) -> 307959.61 | K125: =-_xlfn.MINIFS('cons 2023 - 2025'!D126:AM126,'cons 2023 - 2025'!D126:AM126,"<>0") -> 13207.513 | L125: =-_xlfn.MAXIFS('cons 2023 - 2025'!D126:AM126,'cons 2023 - 2025'!D126:AM126,"<>0") -> 4427.539 | M125: =COUNTIF('cons 2023 - 2025'!D126:AM126,"<>0") -> 36 | N125: =-AVERAGE('cons 2023 - 2025'!D126:AM126) -> 8554.4336 | O125: =J125/M125 -> 8554.4336 | P125: =_xlfn.STDEV.S('cons 2023 - 2025'!D126:AM126) -> 2114.4976 | Q125: =-AVERAGE('cons 2023 - 2025'!D126:AM126)/'⚙ Assumptions'!$B$5 -> 388.83789 | R125: =_xlfn.STDEV.S('cons 2023 - 2025'!D126:AM126)/SQRT('⚙ Assumptions'!$B$5) -> 450.81241 | S125: =-IF(AVERAGE('cons 2023 - 2025'!D126:AM126)=0,"",_xlfn.STDEV.S('cons 2023 - 2025'!D126:AM126)/AVERAGE('cons 2023 - 2025'!D126:AM126)) -> 0.24718149 | T125: =IF(ISBLANK(S125),"Z", IF(S125<=0.25,"X", IF(S125<=0.5,"Y","Z"))) -> X | U125: =IF(E125="B",0.95,IF(E125="C",0.9,0.98)) -> 0.9 | V125: =IF(E125="B",1.65,1.28) -> 1.28 | W125: =V125*R125*SQRT(G125) -> 3827.6496 | X125: =V125*P125*SQRT(H125) -> 3277.8033 | Y125: =Q125*G125+W125 -> 20936.517 | Z125: =N125*H125+X125 -> 15824.306 | AA125: =-AVERAGE('cons 2023 - 2025'!D126:AM126)*12 -> 102653.2 | AB125: =I125*0.2 -> 23.0658 | AC125: =SQRT((2*AA125*'⚙ Assumptions'!$B$3)/AB125) -> 1155.4805 | AD125: =Z125 -> 15824.306 | AE125: =Z125+AC125 -> 16979.786 | AF125: =AA125/AC125 -> 88.840273
A126: 77020009 | B126: PANNIER SUPPORT SANS FOND 160x1125 | C126: PC | E126: =VLOOKUP(A126,Classification!$A$2:$D$1180,4,0) -> C | F126: =VLOOKUP(A126,Classification!$A$2:$E$1180,5,0) -> L | G126: =VLOOKUP(A126,'Lead Time'!$A$2:$D$1180,4,0) -> 44 | H126: =G126/30 -> 1.4666667 | I126: =VLOOKUP(A126,Classification!$A$2:$F$1180,6,0) -> 114.902 | J126: =-SUM('cons 2023 - 2025'!D127:AM127) -> 7 | K126: =-_xlfn.MINIFS('cons 2023 - 2025'!D127:AM127,'cons 2023 - 2025'!D127:AM127,"<>0") -> 6 | L126: =-_xlfn.MAXIFS('cons 2023 - 2025'!D127:AM127,'cons 2023 - 2025'!D127:AM127,"<>0") -> 1 | M126: =COUNTIF('cons 2023 - 2025'!D127:AM127,"<>0") -> 2 | N126: =-AVERAGE('cons 2023 - 2025'!D127:AM127) -> 0.19444444 | O126: =J126/M126 -> 3.5 | P126: =_xlfn.STDEV.S('cons 2023 - 2025'!D127:AM127) -> 1.0090857 | Q126: =-AVERAGE('cons 2023 - 2025'!D127:AM127)/'⚙ Assumptions'!$B$5 -> 0.0088383838 | R126: =_xlfn.STDEV.S('cons 2023 - 2025'!D127:AM127)/SQRT('⚙ Assumptions'!$B$5) -> 0.2151378 | S126: =-IF(AVERAGE('cons 2023 - 2025'!D127:AM127)=0,"",_xlfn.STDEV.S('cons 2023 - 2025'!D127:AM127)/AVERAGE('cons 2023 - 2025'!D127:AM127)) -> 5.1895836 | T126: =IF(ISBLANK(S126),"Z", IF(S126<=0.25,"X", IF(S126<=0.5,"Y","Z"))) -> Z | U126: =IF(E126="B",0.95,IF(E126="C",0.9,0.98)) -> 0.9 | V126: =IF(E126="B",1.65,1.28) -> 1.28 | W126: =V126*R126*SQRT(G126) -> 1.8266403 | X126: =V126*P126*SQRT(H126) -> 1.5642413 | Y126: =Q126*G126+W126 -> 2.2155291 | Z126: =N126*H126+X126 -> 1.8494264 | AA126: =-AVERAGE('cons 2023 - 2025'!D127:AM127)*12 -> 2.3333333 | AB126: =I126*0.2 -> 22.9804 | AC126: =SQRT((2*AA126*'⚙ Assumptions'!$B$3)/AB126) -> 5.519125 | AD126: =Z126 -> 1.8494264 | AE126: =Z126+AC126 -> 7.3685514 | AF126: =AA126/AC126 -> 0.42277233
A127: 47020003 | B127: bavetee caoutchous LAR:1000-10mm 45 S | C127: M | D127: =VLOOKUP(A127,'Lead Time'!$A$2:$C$1180,3,0) -> Local | E127: =VLOOKUP(A127,Classification!$A$2:$D$1180,4,0) -> C | F127: =VLOOKUP(A127,Classification!$A$2:$E$1180,5,0) -> L | G127: =VLOOKUP(A127,'Lead Time'!$A$2:$D$1180,4,0) -> 69 | H127: =G127/30 -> 2.3 | I127: =VLOOKUP(A127,Classification!$A$2:$F$1180,6,0) -> 114.217 | J127: =-SUM('cons 2023 - 2025'!D128:AM128) -> 12 | K127: =-_xlfn.MINIFS('cons 2023 - 2025'!D128:AM128,'cons 2023 - 2025'!D128:AM128,"<>0") -> 10 | L127: =-_xlfn.MAXIFS('cons 2023 - 2025'!D128:AM128,'cons 2023 - 2025'!D128:AM128,"<>0") -> 2 | M127: =COUNTIF('cons 2023 - 2025'!D128:AM128,"<>0") -> 2 | N127: =-AVERAGE('cons 2023 - 2025'!D128:AM128) -> 0.33333333 | O127: =J127/M127 -> 6 | P127: =_xlfn.STDEV.S('cons 2023 - 2025'!D128:AM128) -> 1.6903085 | Q127: =-AVERAGE('cons 2023 - 2025'!D128:AM128)/'⚙ Assumptions'!$B$5 -> 0.015151515 | R127: =_xlfn.STDEV.S('cons 2023 - 2025'!D128:AM128)/SQRT('⚙ Assumptions'!$B$5) -> 0.36037499 | S127: =-IF(AVERAGE('cons 2023 - 2025'!D128:AM128)=0,"",_xlfn.STDEV.S('cons 2023 - 2025'!D128:AM128)/AVERAGE('cons 2023 - 2025'!D128:AM128)) -> 5.0709255 | T127: =IF(ISBLANK(S127),"Z", IF(S127<=0.25,"X", IF(S127<=0.5,"Y","Z"))) -> Z | U127: =IF(E127="B",0.95,IF(E127="C",0.9,0.98)) -> 0.9 | V127: =IF(E127="B",1.65,1.28) -> 1.28 | W127: =V127*R127*SQRT(G127) -> 3.8316793 | X127: =V127*P127*SQRT(H127) -> 3.2812541 | Y127: =Q127*G127+W127 -> 4.8771338 | Z127: =N127*H127+X127 -> 4.0479208 | AA127: =-AVERAGE('cons 2023 - 2025'!D128:AM128)*12 -> 4 | AB127: =I127*0.2 -> 22.8434 | AC127: =SQRT((2*AA127*'⚙ Assumptions'!$B$3)/AB127) -> 7.2478676 | AD127: =Z127 -> 4.0479208 | AE127: =Z127+AC127 -> 11.295788 | AF127: =AA127/AC127 -> 0.55188646
A128: 71240139 | B128: Rouleau Amor 89x133x465 Axe 25mm MP 14mm | C128: PC | D128: =VLOOKUP(A128,'Lead Time'!$A$2:$C$1180,3,0) -> Local | E128: =VLOOKUP(A128,Classification!$A$2:$D$1180,4,0) -> C | F128: =VLOOKUP(A128,Classification!$A$2:$E$1180,5,0) -> L | G128: =VLOOKUP(A128,'Lead Time'!$A$2:$D$1180,4,0) -> 88.666667 | H128: =G128/30 -> 2.9555556 | I128: =VLOOKUP(A128,Classification!$A$2:$F$1180,6,0) -> 114.108 | J128: =-SUM('cons 2023 - 2025'!D129:AM129) -> 15 | K128: =-_xlfn.MINIFS('cons 2023 - 2025'!D129:AM129,'cons 2023 - 2025'!D129:AM129,"<>0") -> 10 | L128: =-_xlfn.MAXIFS('cons 2023 - 2025'!D129:AM129,'cons 2023 - 2025'!D129:AM129,"<>0") -> 2 | M128: =COUNTIF('cons 2023 - 2025'!D129:AM129,"<>0") -> 3 | N128: =-AVERAGE('cons 2023 - 2025'!D129:AM129) -> 0.41666667 | O128: =J128/M128 -> 5 | P128: =_xlfn.STDEV.S('cons 2023 - 2025'!D129:AM129) -> 1.7464249 | Q128: =-AVERAGE('cons 2023 - 2025'!D129:AM129)/'⚙ Assumptions'!$B$5 -> 0.018939394 | R128: =_xlfn.STDEV.S('cons 2023 - 2025'!D129:AM129)/SQRT('⚙ Assumptions'!$B$5) -> 0.37233904 | S128: =-IF(AVERAGE('cons 2023 - 2025'!D129:AM129)=0,"",_xlfn.STDEV.S('cons 2023 - 2025'!D129:AM129)/AVERAGE('cons 2023 - 2025'!D129:AM129)) -> 4.1914198 | T128: =IF(ISBLANK(S128),"Z", IF(S128<=0.25,"X", IF(S128<=0.5,"Y","Z"))) -> Z | U128: =IF(E128="B",0.95,IF(E128="C",0.9,0.98)) -> 0.9 | V128: =IF(E128="B",1.65,1.28) -> 1.28 | W128: =V128*R128*SQRT(G128) -> 4.4877509 | X128: =V128*P128*SQRT(H128) -> 3.8430802 | Y128: =Q128*G128+W128 -> 6.1670438 | Z128: =N128*H128+X128 -> 5.0745617 | AA128: =-AVERAGE('cons 2023 - 2025'!D129:AM129)*12 -> 5 | AB128: =I128*0.2 -> 22.8216 | AC128: =SQRT((2*AA128*'⚙ Assumptions'!$B$3)/AB128) -> 8.1072317 | AD128: =Z128 -> 5.0745617 | AE128: =Z128+AC128 -> 13.181793 | AF128: =AA128/AC128 -> 0.61673333
A129: 78010016 | B129: Vanne 3/2 voies pneumatique | C129: PC | D129: =VLOOKUP(A129,'Lead Time'!$A$2:$C$1180,3,0) -> Local | E129: =VLOOKUP(A129,Classification!$A$2:$D$1180,4,0) -> C | F129: =VLOOKUP(A129,Classification!$A$2:$E$1180,5,0) -> L | G129: =VLOOKUP(A129,'Lead Time'!$A$2:$D$1180,4,0) -> 19.833333 | H129: =G129/30 -> 0.66111111 | I129: =VLOOKUP(A129,Classification!$A$2:$F$1180,6,0) -> 114.032 | J129: =-SUM('cons 2023 - 2025'!D130:AM130) -> 7 | K129: =-_xlfn.MINIFS('cons 2023 - 2025'!D130:AM130,'cons 2023 - 2025'!D130:AM130,"<>0") -> 1 | L129: =-_xlfn.MAXIFS('cons 2023 - 2025'!D130:AM130,'cons 2023 - 2025'!D130:AM130,"<>0") -> 1 | M129: =COUNTIF('cons 2023 - 2025'!D130:AM130,"<>0") -> 7 | N129: =-AVERAGE('cons 2023 - 2025'!D130:AM130) -> 0.19444444 | O129: =J129/M129 -> 1 | P129: =_xlfn.STDEV.S('cons 2023 - 2025'!D130:AM130) -> 0.40138649 | Q129: =-AVERAGE('cons 2023 - 2025'!D130:AM130)/'⚙ Assumptions'!$B$5 -> 0.0088383838 | R129: =_xlfn.STDEV.S('cons 2023 - 2025'!D130:AM130)/SQRT('⚙ Assumptions'!$B$5) -> 0.085575886 | S129: =-IF(AVERAGE('cons 2023 - 2025'!D130:AM130)=0,"",_xlfn.STDEV.S('cons 2023 - 2025'!D130:AM130)/AVERAGE('cons 2023 - 2025'!D130:AM130)) -> 2.0642734 | T129: =IF(ISBLANK(S129),"Z", IF(S129<=0.25,"X", IF(S129<=0.5,"Y","Z"))) -> Z | U129: =IF(E129="B",0.95,IF(E129="C",0.9,0.98)) -> 0.9 | V129: =IF(E129="B",1.65,1.28) -> 1.28 | W129: =V129*R129*SQRT(G129) -> 0.48781958 | X129: =V129*P129*SQRT(H129) -> 0.41774373 | Y129: =Q129*G129+W129 -> 0.6631142 | Z129: =N129*H129+X129 -> 0.54629312 | AA129: =-AVERAGE('cons 2023 - 2025'!D130:AM130)*12 -> 2.3333333 | AB129: =I129*0.2 -> 22.8064 | AC129: =SQRT((2*AA129*'⚙ Assumptions'!$B$3)/AB129) -> 5.5401389 | AD129: =Z129 -> 0.54629312 | AE129: =Z129+AC129 -> 6.086432 | AF129: =AA129/AC129 -> 0.42116874
A130: 37230002 | B130: G_ind 86/ Kluber Wolfracoat C fluid | C130: KG | D130: =VLOOKUP(A130,'Lead Time'!$A$2:$C$1180,3,0) -> Local | E130: =VLOOKUP(A130,Classification!$A$2:$D$1180,4,0) -> C | F130: =VLOOKUP(A130,Classification!$A$2:$E$1180,5,0) -> M | G130: =VLOOKUP(A130,'Lead Time'!$A$2:$D$1180,4,0) -> 9.2857143 | H130: =G130/30 -> 0.30952381 | I130: =VLOOKUP(A130,Classification!$A$2:$F$1180,6,0) -> 113.877 | J130: =-SUM('cons 2023 - 2025'!D131:AM131) -> 230 | K130: =-_xlfn.MINIFS('cons 2023 - 2025'!D131:AM131,'cons 2023 - 2025'!D131:AM131,"<>0") -> 25 | L130: =-_xlfn.MAXIFS('cons 2023 - 2025'!D131:AM131,'cons 2023 - 2025'!D131:AM131,"<>0") -> 20 | M130: =COUNTIF('cons 2023 - 2025'!D131:AM131,"<>0") -> 10 | N130: =-AVERAGE('cons 2023 - 2025'!D131:AM131) -> 6.3888889 | O130: =J130/M130 -> 23 | P130: =_xlfn.STDEV.S('cons 2023 - 2025'!D131:AM131) -> 10.529626 | Q130: =-AVERAGE('cons 2023 - 2025'!D131:AM131)/'⚙ Assumptions'!$B$5 -> 0.29040404 | R130: =_xlfn.STDEV.S('cons 2023 - 2025'!D131:AM131)/SQRT('⚙ Assumptions'!$B$5) -> 2.2449237 | S130: =-IF(AVERAGE('cons 2023 - 2025'!D131:AM131)=0,"",_xlfn.STDEV.S('cons 2023 - 2025'!D131:AM131)/AVERAGE('cons 2023 - 2025'!D131:AM131)) -> 1.6481153 | T130: =IF(ISBLANK(S130),"Z", IF(S130<=0.25,"X", IF(S130<=0.5,"Y","Z"))) -> Z | U130: =IF(E130="B",0.95,IF(E130="C",0.9,0.98)) -> 0.9 | V130: =IF(E130="B",1.65,1.28) -> 1.28 | W130: =V130*R130*SQRT(G130) -> 8.7562715 | X130: =V130*P130*SQRT(H130) -> 7.4984229 | Y130: =Q130*G130+W130 -> 11.45288 | Z130: =N130*H130+X130 -> 9.4759361 | AA130: =-AVERAGE('cons 2023 - 2025'!D131:AM131)*12 -> 76.666667 | AB130: =I130*0.2 -> 22.7754 | AC130: =SQRT((2*AA130*'⚙ Assumptions'!$B$3)/AB130) -> 31.778318 | AD130: =Z130 -> 9.4759361 | AE130: =Z130+AC130 -> 41.254254 | AF130: =AA130/AC130 -> 2.4125464
...

Sheet 🔄 Simulation Results
F1: ="Stockout Months: " & COUNTIF(I3:I38,"Yes") -> Stockout Months: 7 | G1: ="Stockout rate: " & TEXT(COUNTIF($I$3:$I$38,"Yes")/36,"0%") -> Stockout rate: 19% | H1: ="Total Orders: " & COUNTIF(J3:J38,"Yes") -> Total Orders: 19
A2: 77020019 | C2: =VLOOKUP(A2,'⚙️ Optimization Parameters'!$A$3:$B$1181,2,0) -> MANCHE FILTRE 165x3375 Nomex NXV 560 | E2: Month | F2: Demand | G2: Stock Before | H2: Stock After Demand | I2: Stockout? | J2: Order? | K2: Added Amount | L2: Final Stock
A3: CLASS | B3: : | C3: ="ABC=" &VLOOKUP(A2,Classification!$A$2:$E$1180,4,0) & " " & "HML=" &VLOOKUP(A2,Classification!$A$2:$E$1180,5,0) & " " & "XYZ=" &VLOOKUP($A$2,'⚙️ Optimization Parameters'!$A$3:$T$1181,20,0) -> ABC=C HML=M XYZ=Z | E3: 44927 | F3: =-VLOOKUP($A$2,'cons 2023 - 2025'!$A$4:$AM$1182,ROW(A1)+3,0) -> 8 | G3: =C11+C12/2 -> 101.16051 | H3: =G3-F3 -> 93.160511 | I3: =IF(H3< 0, "Yes", "NO") -> NO | J3: =IF(H3<$C$11, "Yes", "NO") -> NO | K3: =IF(J3="NO","NO → ("&ROUNDUP(H3,0)&">ROP)","Yes → +" & ROUNDUP($C$11,0)) -> NO → (94>ROP) | L3: =IF(J3="NO",H3,H3+$C$12) -> 93.160511
A4: UNIT | B4: : | C4: =VLOOKUP($A$2,Classification!$A$2:$C$1180,3,0) -> PC | E4: 44958 | F4: 55 | G4: =L3 -> 93.160511 | H4: =G4-F4 -> 38.160511 | I4: =IF(H4< 0, "Yes", "NO") -> NO | J4: =IF(H4<$C$11, "Yes", "NO") -> Yes | K4: =IF(J4="NO","NO → ("&ROUNDUP(H4,0)&">ROP)","Yes → +" & ROUNDUP($C$11,0)) -> Yes → +76 | L4: =IF(J4="NO",H4,H4+$C$12) -> 88.5961
A5: SOURCE | B5: : | C5: =VLOOKUP($A$2,'⚙️ Optimization Parameters'!A3:D1181,4,0) -> Mixed Source | E5: 44986 | F5: 22 | G5: =L4 -> 88.5961 | H5: =G5-F5 -> 66.5961 | I5: =IF(H5< 0, "Yes", "NO") -> NO | J5: =IF(H5<$C$11, "Yes", "NO") -> Yes | K5: =IF(J5="NO","NO → ("&ROUNDUP(H5,0)&">ROP)","Yes → +" & ROUNDUP($C$11,0)) -> Yes → +76 | L5: =IF(J5="NO",H5,H5+$C$12) -> 117.03169
A6: UNIT COST | B6: : | C6: =VLOOKUP(A2,'⚙️ Optimization Parameters'!A3:I1181,9,0) -> 128.747 | E6: 45017 | F6: 50 | G6: =L5 -> 117.03169 | H6: =G6-F6 -> 67.031688 | I6: =IF(H6< 0, "Yes", "NO") -> NO | J6: =IF(H6<$C$11, "Yes", "NO") -> Yes | K6: =IF(J6="NO","NO → ("&ROUNDUP(H6,0)&">ROP)","Yes → +" & ROUNDUP($C$11,0)) -> Yes → +76 | L6: =IF(J6="NO",H6,H6+$C$12) -> 117.46728
A7: LEAD TIME | B7: : | C7: =ROUNDUP(VLOOKUP(A2,'⚙️ Optimization Parameters'!A3:G1181,7,0),0) & " Days" -> 27 Days | E7: 45047 | F7: 110 | G7: =L6 -> 117.46728 | H7: =G7-F7 -> 7.4672767 | I7: =IF(H7< 0, "Yes", "NO") -> NO | J7: =IF(H7<$C$11, "Yes", "NO") -> Yes | K7: =IF(J7="NO","NO → ("&ROUNDUP(H7,0)&">ROP)","Yes → +" & ROUNDUP($C$11,0)) -> Yes → +76 | L7: =IF(J7="NO",H7,H7+$C$12) -> 57.902865
A8: DEMAND | B8: : | C8: ="Avg " & ROUNDUP(VLOOKUP(A2,'⚙️ Optimization Parameters'!A3:N1181,14,0),0) & " " &C4 & " /Month" -> Avg 19 PC /Month | E8: 45078 | F8: 155 | G8: =L7 -> 57.902865 | H8: =G8-F8 -> -97.097135 | I8: =IF(H8< 0, "Yes", "NO") -> Yes | J8: =IF(H8<$C$11, "Yes", "NO") -> Yes | K8: =IF(J8="NO","NO → ("&ROUNDUP(H8,0)&">ROP)","Yes → +" & ROUNDUP($C$11,0)) -> Yes → +76 | L8: =IF(J8="NO",H8,H8+$C$12) -> -46.661546
A9: SERVICE | B9: : | C9: =TEXT(VLOOKUP($A$2,'⚙️ Optimization Parameters'!A3:U1181,21,0),"0%") & " ( Z=" & VLOOKUP($A$2,'⚙️ Optimization Parameters'!A3:V1181,22,0) & ")" -> 90% ( Z=1,28) | E9: 45108 | F9: =-VLOOKUP($A$2,'cons 2023 - 2025'!$A$4:$AM$1182,ROW(A7)+3,0) -> 50 | G9: =L8 -> -46.661546 | H9: =G9-F9 -> -96.661546 | I9: =IF(H9< 0, "Yes", "NO") -> Yes | J9: =IF(H9<$C$11, "Yes", "NO") -> Yes | K9: =IF(J9="NO","NO → ("&ROUNDUP(H9,0)&">ROP)","Yes → +" & ROUNDUP($C$11,0)) -> Yes → +76 | L9: =IF(J9="NO",H9,H9+$C$12) -> -46.225958
A10: SAFETY STOCK | B10: : | C10: =VLOOKUP($A$2,'⚙️ Optimization Parameters'!$A$3:$AF$1181,23,0) -> 53.967609 | E10: 45139 | F10: =-VLOOKUP($A$2,'cons 2023 - 2025'!$A$4:$AM$1182,ROW(A8)+3,0) -> 12 | G10: =L9 -> -46.225958 | H10: =G10-F10 -> -58.225958 | I10: =IF(H10< 0, "Yes", "NO") -> Yes | J10: =IF(H10<$C$11, "Yes", "NO") -> Yes | K10: =IF(J10="NO","NO → ("&ROUNDUP(H10,0)&">ROP)","Yes → +" & ROUNDUP($C$11,0)) -> Yes → +76 | L10: =IF(J10="NO",H10,H10+$C$12) -> -7.7903691
A11: ROP | B11: : | C11: =VLOOKUP($A$2,'⚙️ Optimization Parameters'!$A$3:$AF$1181,25,0) -> 75.942717 | E11: 45170 | F11: =-VLOOKUP($A$2,'cons 2023 - 2025'!$A$4:$AM$1182,ROW(A9)+3,0) -> 0 | G11: =L10 -> -7.7903691 | H11: =G11-F11 -> -7.7903691 | I11: =IF(H11< 0, "Yes", "NO") -> Yes | J11: =IF(H11<$C$11, "Yes", "NO") -> Yes | K11: =IF(J11="NO","NO → ("&ROUNDUP(H11,0)&">ROP)","Yes → +" & ROUNDUP($C$11,0)) -> Yes → +76 | L11: =IF(J11="NO",H11,H11+$C$12) -> 42.645219
A12: EOQ | B12: : | C12: =VLOOKUP($A$2,'⚙️ Optimization Parameters'!$A$3:$AF$1181,29,0) -> 50.435589 | E12: 45200 | F12: =-VLOOKUP($A$2,'cons 2023 - 2025'!$A$4:$AM$1182,ROW(A10)+3,0) -> 0 | G12: =L11 -> 42.645219 | H12: =G12-F12 -> 42.645219 | I12: =IF(H12< 0, "Yes", "NO") -> NO | J12: =IF(H12<$C$11, "Yes", "NO") -> Yes | K12: =IF(J12="NO","NO → ("&ROUNDUP(H12,0)&">ROP)","Yes → +" & ROUNDUP($C$11,0)) -> Yes → +76 | L12: =IF(J12="NO",H12,H12+$C$12) -> 93.080808
A13: STOCK MIN | B13: : | C13: =VLOOKUP($A$2,'⚙️ Optimization Parameters'!$A$3:$AF$1181,30,0) -> 62.330178 | E13: 45231 | F13: =-VLOOKUP($A$2,'cons 2023 - 2025'!$A$4:$AM$1182,ROW(A11)+3,0) -> 60 | G13: =L12 -> 93.080808 | H13: =G13-F13 -> 33.080808 | I13: =IF(H13< 0, "Yes", "NO") -> NO | J13: =IF(H13<$C$11, "Yes", "NO") -> Yes | K13: =IF(J13="NO","NO → ("&ROUNDUP(H13,0)&">ROP)","Yes → +" & ROUNDUP($C$11,0)) -> Yes → +76 | L13: =IF(J13="NO",H13,H13+$C$12) -> 83.516397
A14: STOCK MAX | B14: : | C14: =VLOOKUP($A$2,'⚙️ Optimization Parameters'!$A$3:$AF$1181,31,0) -> 112.76577 | E14: 45261 | F14: =-VLOOKUP($A$2,'cons 2023 - 2025'!$A$4:$AM$1182,ROW(A12)+3,0) -> 0 | G14: =L13 -> 83.516397 | H14: =G14-F14 -> 83.516397 | I14: =IF(H14< 0, "Yes", "NO") -> NO | J14: =IF(H14<$C$11, "Yes", "NO") -> NO | K14: =IF(J14="NO","NO → ("&ROUNDUP(H14,0)&">ROP)","Yes → +" & ROUNDUP($C$11,0)) -> NO → (84>ROP) | L14: =IF(J14="NO",H14,H14+$C$12) -> 83.516397
A15: ORDERS/YEAR | B15: : | C15: =VLOOKUP($A$2,'⚙️ Optimization Parameters'!$A$3:$AF$1181,32,0) -> 4.3289538 | E15: 45292 | F15: =-VLOOKUP($A$2,'cons 2023 - 2025'!$A$4:$AM$1182,ROW(A13)+3,0) -> 55 | G15: =L14 -> 83.516397 | H15: =G15-F15 -> 28.516397 | I15: =IF(H15< 0, "Yes", "NO") -> NO | J15: =IF(H15<$C$11, "Yes", "NO") -> Yes | K15: =IF(J15="NO","NO → ("&ROUNDUP(H15,0)&">ROP)","Yes → +" & ROUNDUP($C$11,0)) -> Yes → +76 | L15: =IF(J15="NO",H15,H15+$C$12) -> 78.951985
A16: SIMULATION | B16: : | E16: 45323 | F16: =-VLOOKUP($A$2,'cons 2023 - 2025'!$A$4:$AM$1182,ROW(A14)+3,0) -> 0 | G16: =L15 -> 78.951985 | H16: =G16-F16 -> 78.951985 | I16: =IF(H16< 0, "Yes", "NO") -> NO | J16: =IF(H16<$C$11, "Yes", "NO") -> NO | K16: =IF(J16="NO","NO → ("&ROUNDUP(H16,0)&">ROP)","Yes → +" & ROUNDUP($C$11,0)) -> NO → (79>ROP) | L16: =IF(J16="NO",H16,H16+$C$12) -> 78.951985
A17: FILL RATE | B17: : | E17: 45352 | F17: =-VLOOKUP($A$2,'cons 2023 - 2025'!$A$4:$AM$1182,ROW(A15)+3,0) -> 0 | G17: =L16 -> 78.951985 | H17: =G17-F17 -> 78.951985 | I17: =IF(H17< 0, "Yes", "NO") -> NO | J17: =IF(H17<$C$11, "Yes", "NO") -> NO | K17: =IF(J17="NO","NO → ("&ROUNDUP(H17,0)&">ROP)","Yes → +" & ROUNDUP($C$11,0)) -> NO → (79>ROP) | L17: =IF(J17="NO",H17,H17+$C$12) -> 78.951985
A18: ACTION | B18: : | E18: 45383 | F18: =-VLOOKUP($A$2,'cons 2023 - 2025'!$A$4:$AM$1182,ROW(A16)+3,0) -> 0 | G18: =L17 -> 78.951985 | H18: =G18-F18 -> 78.951985 | I18: =IF(H18< 0, "Yes", "NO") -> NO | J18: =IF(H18<$C$11, "Yes", "NO") -> NO | K18: =IF(J18="NO","NO → ("&ROUNDUP(H18,0)&">ROP)","Yes → +" & ROUNDUP($C$11,0)) -> NO → (79>ROP) | L18: =IF(J18="NO",H18,H18+$C$12) -> 78.951985
E19: 45413 | F19: =-VLOOKUP($A$2,'cons 2023 - 2025'!$A$4:$AM$1182,ROW(A17)+3,0) -> 110 | G19: =L18 -> 78.951985 | H19: =G19-F19 -> -31.048015 | I19: =IF(H19< 0, "Yes", "NO") -> Yes | J19: =IF(H19<$C$11, "Yes", "NO") -> Yes | K19: =IF(J19="NO","NO → ("&ROUNDUP(H19,0)&">ROP)","Yes → +" & ROUNDUP($C$11,0)) -> Yes → +76 | L19: =IF(J19="NO",H19,H19+$C$12) -> 19.387574
A20: std | C20: =VLOOKUP($A$2,'⚙️ Optimization Parameters'!$A$3:$R$1181,16,0) -> 38.364284 | E20: 45444 | F20: =-VLOOKUP($A$2,'cons 2023 - 2025'!$A$4:$AM$1182,ROW(A18)+3,0) -> 0 | G20: =L19 -> 19.387574 | H20: =G20-F20 -> 19.387574 | I20: =IF(H20< 0, "Yes", "NO") -> NO | J20: =IF(H20<$C$11, "Yes", "NO") -> Yes | K20: =IF(J20="NO","NO → ("&ROUNDUP(H20,0)&">ROP)","Yes → +" & ROUNDUP($C$11,0)) -> Yes → +76 | L20: =IF(J20="NO",H20,H20+$C$12) -> 69.823162
A21: cv | C21: =VLOOKUP($A$2,'⚙️ Optimization Parameters'!$A$3:$S$1181,19,0) -> 2.1085713 | E21: 45474 | F21: =-VLOOKUP($A$2,'cons 2023 - 2025'!$A$4:$AM$1182,ROW(A19)+3,0) -> 0 | G21: =L20 -> 69.823162 | H21: =G21-F21 -> 69.823162 | I21: =IF(H21< 0, "Yes", "NO") -> NO | J21: =IF(H21<$C$11, "Yes", "NO") -> Yes | K21: =IF(J21="NO","NO → ("&ROUNDUP(H21,0)&">ROP)","Yes → +" & ROUNDUP($C$11,0)) -> Yes → +76 | L21: =IF(J21="NO",H21,H21+$C$12) -> 120.25875
E22: 45505 | F22: =-VLOOKUP($A$2,'cons 2023 - 2025'!$A$4:$AM$1182,ROW(A20)+3,0) -> 0 | G22: =L21 -> 120.25875 | H22: =G22-F22 -> 120.25875 | I22: =IF(H22< 0, "Yes", "NO") -> NO | J22: =IF(H22<$C$11, "Yes", "NO") -> NO | K22: =IF(J22="NO","NO → ("&ROUNDUP(H22,0)&">ROP)","Yes → +" & ROUNDUP($C$11,0)) -> NO → (121>ROP) | L22: =IF(J22="NO",H22,H22+$C$12) -> 120.25875
E23: 45536 | F23: =-VLOOKUP($A$2,'cons 2023 - 2025'!$A$4:$AM$1182,ROW(A21)+3,0) -> 0 | G23: =L22 -> 120.25875 | H23: =G23-F23 -> 120.25875 | I23: =IF(H23< 0, "Yes", "NO") -> NO | J23: =IF(H23<$C$11, "Yes", "NO") -> NO | K23: =IF(J23="NO","NO → ("&ROUNDUP(H23,0)&">ROP)","Yes → +" & ROUNDUP($C$11,0)) -> NO → (121>ROP) | L23: =IF(J23="NO",H23,H23+$C$12) -> 120.25875
E24: 45566 | F24: =-VLOOKUP($A$2,'cons 2023 - 2025'!$A$4:$AM$1182,ROW(A22)+3,0) -> 0 | G24: =L23 -> 120.25875 | H24: =G24-F24 -> 120.25875 | I24: =IF(H24< 0, "Yes", "NO") -> NO | J24: =IF(H24<$C$11, "Yes", "NO") -> NO | K24: =IF(J24="NO","NO → ("&ROUNDUP(H24,0)&">ROP)","Yes → +" & ROUNDUP($C$11,0)) -> NO → (121>ROP) | L24: =IF(J24="NO",H24,H24+$C$12) -> 120.25875
E25: 45597 | F25: =-VLOOKUP($A$2,'cons 2023 - 2025'!$A$4:$AM$1182,ROW(A23)+3,0) -> 0 | G25: =L24 -> 120.25875 | H25: =G25-F25 -> 120.25875 | I25: =IF(H25< 0, "Yes", "NO") -> NO | J25: =IF(H25<$C$11, "Yes", "NO") -> NO | K25: =IF(J25="NO","NO → ("&ROUNDUP(H25,0)&">ROP)","Yes → +" & ROUNDUP($C$11,0)) -> NO → (121>ROP) | L25: =IF(J25="NO",H25,H25+$C$12) -> 120.25875
E26: 45627 | F26: =-VLOOKUP($A$2,'cons 2023 - 2025'!$A$4:$AM$1182,ROW(A24)+3,0) -> 0 | G26: =L25 -> 120.25875 | H26: =G26-F26 -> 120.25875 | I26: =IF(H26< 0, "Yes", "NO") -> NO | J26: =IF(H26<$C$11, "Yes", "NO") -> NO | K26: =IF(J26="NO","NO → ("&ROUNDUP(H26,0)&">ROP)","Yes → +" & ROUNDUP($C$11,0)) -> NO → (121>ROP) | L26: =IF(J26="NO",H26,H26+$C$12) -> 120.25875
E27: 45658 | F27: =-VLOOKUP($A$2,'cons 2023 - 2025'!$A$4:$AM$1182,ROW(A25)+3,0) -> 0 | G27: =L26 -> 120.25875 | H27: =G27-F27 -> 120.25875 | I27: =IF(H27< 0, "Yes", "NO") -> NO | J27: =IF(H27<$C$11, "Yes", "NO") -> NO | K27: =IF(J27="NO","NO → ("&ROUNDUP(H27,0)&">ROP)","Yes → +" & ROUNDUP($C$11,0)) -> NO → (121>ROP) | L27: =IF(J27="NO",H27,H27+$C$12) -> 120.25875
E28: 45689 | F28: =-VLOOKUP($A$2,'cons 2023 - 2025'!$A$4:$AM$1182,ROW(A26)+3,0) -> 0 | G28: =L27 -> 120.25875 | H28: =G28-F28 -> 120.25875 | I28: =IF(H28< 0, "Yes", "NO") -> NO | J28: =IF(H28<$C$11, "Yes", "NO") -> NO | K28: =IF(J28="NO","NO → ("&ROUNDUP(H28,0)&">ROP)","Yes → +" & ROUNDUP($C$11,0)) -> NO → (121>ROP) | L28: =IF(J28="NO",H28,H28+$C$12) -> 120.25875
E29: 45717 | F29: =-VLOOKUP($A$2,'cons 2023 - 2025'!$A$4:$AM$1182,ROW(A27)+3,0) -> 0 | G29: =L28 -> 120.25875 | H29: =G29-F29 -> 120.25875 | I29: =IF(H29< 0, "Yes", "NO") -> NO | J29: =IF(H29<$C$11, "Yes", "NO") -> NO | K29: =IF(J29="NO","NO → ("&ROUNDUP(H29,0)&">ROP)","Yes → +" & ROUNDUP($C$11,0)) -> NO → (121>ROP) | L29: =IF(J29="NO",H29,H29+$C$12) -> 120.25875
E30: 45748 | F30: =-VLOOKUP($A$2,'cons 2023 - 2025'!$A$4:$AM$1182,ROW(A28)+3,0) -> 0 | G30: =L29 -> 120.25875 | H30: =G30-F30 -> 120.25875 | I30: =IF(H30< 0, "Yes", "NO") -> NO | J30: =IF(H30<$C$11, "Yes", "NO") -> NO | K30: =IF(J30="NO","NO → ("&ROUNDUP(H30,0)&">ROP)","Yes → +" & ROUNDUP($C$11,0)) -> NO → (121>ROP) | L30: =IF(J30="NO",H30,H30+$C$12) -> 120.25875
E31: 45778 | F31: =-VLOOKUP($A$2,'cons 2023 - 2025'!$A$4:$AM$1182,ROW(A29)+3,0) -> 0 | G31: =L30 -> 120.25875 | H31: =G31-F31 -> 120.25875 | I31: =IF(H31< 0, "Yes", "NO") -> NO | J31: =IF(H31<$C$11, "Yes", "NO") -> NO | K31: =IF(J31="NO","NO → ("&ROUNDUP(H31,0)&">ROP)","Yes → +" & ROUNDUP($C$11,0)) -> NO → (121>ROP) | L31: =IF(J31="NO",H31,H31+$C$12) -> 120.25875
E32: 45809 | F32: =-VLOOKUP($A$2,'cons 2023 - 2025'!$A$4:$AM$1182,ROW(A30)+3,0) -> 155 | G32: =L31 -> 120.25875 | H32: =G32-F32 -> -34.741249 | I32: =IF(H32< 0, "Yes", "NO") -> Yes | J32: =IF(H32<$C$11, "Yes", "NO") -> Yes | K32: =IF(J32="NO","NO → ("&ROUNDUP(H32,0)&">ROP)","Yes → +" & ROUNDUP($C$11,0)) -> Yes → +76 | L32: =IF(J32="NO",H32,H32+$C$12) -> 15.694339
E33: 45839 | F33: =-VLOOKUP($A$2,'cons 2023 - 2025'!$A$4:$AM$1182,ROW(A31)+3,0) -> 0 | G33: =L32 -> 15.694339 | H33: =G33-F33 -> 15.694339 | I33: =IF(H33< 0, "Yes", "NO") -> NO | J33: =IF(H33<$C$11, "Yes", "NO") -> Yes | K33: =IF(J33="NO","NO → ("&ROUNDUP(H33,0)&">ROP)","Yes → +" & ROUNDUP($C$11,0)) -> Yes → +76 | L33: =IF(J33="NO",H33,H33+$C$12) -> 66.129928
... E38: 45992 | F38: =-VLOOKUP($A$2,'cons 2023 - 2025'!$A$4:$AM$1182,ROW(A36)+3,0) -> 0 | G38: =L37 -> 89.436693 | H38: =G38-F38 -> 89.436693 | I38: =IF(H38< 0, "Yes", "NO") -> NO | J38: =IF(H38<$C$11, "Yes", "NO") -> NO | K38: =IF(J38="NO","NO → ("&ROUNDUP(H38,0)&">ROP)","Yes → +" & ROUNDUP($C$11,0)) -> NO → (90>ROP) | L38: =IF(J38="NO",H38,H38+$C$12) -> 89.436693

Sheet ⚙ Assumptions
A1: MODEL ASSUMPTIONS & FORMULAS
A2: Parameter | B2: Value | C2: Description
A3: Order Cost (S) (TND/order) | B3: 150 | C3: Fixed cost each time an order is placed
A4: Holding Rate | B4: 0.2 | C4: Annual holding cost as % of unit value
A5: Working Days / Month | B5: 22 | C5: Business days used for monthly demand calc
A6: Working Days / Year | B6: 250 | C6: Business days used for annual demand calc
A7: Service Level — A Class | B7: 98% (Z=2.05) | C7: Probability of no stockout during lead time
A8: Service Level — B Class | B8: 95% (Z=1.65)
A9: Service Level — C Class | B9: 90% (Z=1.28)
A10: XYZ: X (stable) | B10: CV ≤ 0.25 | C10: Coefficient of Variation ≤ 25%
A11: XYZ: Y (variable) | B11: 0.25 < CV ≤ 0.50
A12: XYZ: Z (erratic) | B12: CV > 0.50
A13: Safety Stock Formula | B13: SS = Z × σd × √LT | C13: σd = std dev daily demand, LT = lead time days
A14: ROP Formula | B14: ROP = D̄ × LT + SS | C14: D̄ = avg daily demand
A15: EOQ Formula | B15: EOQ = √(2 × D_annual × S / H) | C15: S=order cost, H=holding cost per unit/yr
A16: Stock Min | B16: =ROP -> #NAME? | C16: Trigger reorder when stock hits this level
A17: Stock Max | B17: =ROP + EOQ -> #NAME? | C17: Order-up-to level
